index,emotion
0,fear
1,sadness
2,joy
3,joy
4,joy
5,fear
6,sadness
7,sadness
8,joy
9,fear
10,joy
11,joy
12,joy
13,joy
14,joy
15,joy
16,joy
17,joy
18,joy
19,joy
20,joy
21,fear
22,sadness
23,joy
24,sadness
25,joy
26,joy
27,joy
28,joy
29,joy
30,joy
31,joy
32,joy
33,joy
34,fear
35,sadness
36,joy
37,joy
38,joy
39,anger
40,fear
41,joy
42,joy
43,joy
44,joy
45,joy
46,joy
47,joy
48,joy
49,fear
50,joy
51,joy
52,joy
53,fear
54,joy
55,joy
56,joy
57,joy
58,joy
59,sadness
60,joy
61,sadness
62,joy
63,joy
64,joy
65,joy
66,fear
67,joy
68,joy
69,joy
70,joy
71,fear
72,sadness
73,joy
74,fear
75,joy
76,fear
77,anger
78,joy
79,fear
80,joy
81,joy
82,fear
83,joy
84,joy
85,joy
86,sadness
87,sadness
88,joy
89,joy
90,joy
91,joy
92,joy
93,joy
94,joy
95,joy
96,fear
97,joy
98,joy
99,joy
100,joy
101,joy
102,joy
103,fear
104,joy
105,fear
106,joy
107,joy
108,joy
109,fear
110,fear
111,joy
112,joy
113,joy
114,joy
115,joy
116,fear
117,fear
118,joy
119,fear
120,fear
121,joy
122,sadness
123,fear
124,joy
125,joy
126,fear
127,joy
128,joy
129,joy
130,joy
131,joy
132,fear
133,joy
134,joy
135,joy
136,joy
137,joy
138,joy
139,joy
140,fear
141,joy
142,joy
143,joy
144,fear
145,joy
146,joy
147,joy
148,joy
149,joy
150,joy
151,joy
152,joy
153,joy
154,joy
155,fear
156,fear
157,fear
158,joy
159,joy
160,sadness
161,fear
162,joy
163,joy
164,joy
165,joy
166,joy
167,sadness
168,joy
169,fear
170,joy
171,joy
172,fear
173,joy
174,joy
175,joy
176,joy
177,fear
178,joy
179,joy
180,anger
181,joy
182,fear
183,fear
184,joy
185,sadness
186,fear
187,joy
188,joy
189,joy
190,joy
191,joy
192,joy
193,fear
194,fear
195,joy
196,joy
197,fear
198,joy
199,fear
200,joy
201,joy
202,sadness
203,fear
204,joy
205,joy
206,joy
207,fear
208,fear
209,fear
210,fear
211,fear
212,fear
213,fear
214,joy
215,joy
216,joy
217,fear
218,sadness
219,fear
220,fear
221,joy
222,fear
223,fear
224,joy
225,sadness
226,fear
227,fear
228,joy
229,joy
230,joy
231,joy
232,joy
233,joy
234,joy
235,joy
236,joy
237,joy
238,joy
239,joy
240,joy
241,joy
242,fear
243,joy
244,joy
245,joy
246,joy
247,joy
248,joy
249,joy
250,joy
251,joy
252,joy
253,joy
254,joy
255,joy
256,fear
257,fear
258,joy
259,joy
260,joy
261,fear
262,joy
263,joy
264,joy
265,fear
266,joy
267,joy
268,sadness
269,joy
270,fear
271,joy
272,fear
273,joy
274,fear
275,fear
276,joy
277,joy
278,joy
279,joy
280,joy
281,joy
282,sadness
283,joy
284,fear
285,fear
286,joy
287,joy
288,fear
289,joy
290,sadness
291,sadness
292,joy
293,joy
294,sadness
295,sadness
296,fear
297,joy
298,joy
299,joy
300,joy
301,fear
302,joy
303,joy
304,fear
305,joy
306,joy
307,joy
308,sadness
309,fear
310,joy
311,joy
312,joy
313,sadness
314,fear
315,joy
316,fear
317,fear
318,fear
319,fear
320,joy
321,joy
322,joy
323,fear
324,joy
325,joy
326,fear
327,fear
328,joy
329,joy
330,joy
331,joy
332,joy
333,joy
334,joy
335,fear
336,fear
337,joy
338,fear
339,joy
340,joy
341,fear
342,joy
343,joy
344,fear
345,joy
346,joy
347,joy
348,fear
349,joy
350,fear
351,joy
352,fear
353,joy
354,fear
355,fear
356,joy
357,joy
358,fear
359,sadness
360,fear
361,joy
362,joy
363,joy
364,joy
365,joy
366,joy
367,joy
368,fear
369,joy
370,joy
371,joy
372,joy
373,joy
374,fear
375,sadness
376,joy
377,joy
378,joy
379,fear
380,joy
381,sadness
382,fear
383,fear
384,sadness
385,joy
386,joy
387,joy
388,fear
389,joy
390,joy
391,joy
392,joy
393,fear
394,joy
395,joy
396,joy
397,joy
398,sadness
399,fear
400,joy
401,joy
402,joy
403,joy
404,joy
405,joy
406,joy
407,joy
408,fear
409,joy
410,fear
411,joy
412,joy
413,joy
414,fear
415,joy
416,joy
417,joy
418,joy
419,joy
420,joy
421,fear
422,joy
423,joy
424,fear
425,joy
426,fear
427,fear
428,joy
429,fear
430,joy
431,joy
432,joy
433,joy
434,joy
435,fear
436,joy
437,fear
438,joy
439,sadness
440,joy
441,fear
442,joy
443,fear
444,joy
445,joy
446,joy
447,joy
448,joy
449,joy
450,joy
451,joy
452,joy
453,fear
454,fear
455,fear
456,joy
457,joy
458,fear
459,joy
460,fear
461,joy
462,fear
463,joy
464,fear
465,joy
466,joy
467,fear
468,fear
469,fear
470,joy
471,joy
472,joy
473,joy
474,anger
475,joy
476,joy
477,fear
478,sadness
479,joy
480,joy
481,joy
482,joy
483,joy
484,joy
485,joy
486,joy
487,sadness
488,joy
489,joy
490,sadness
491,fear
492,fear
493,joy
494,joy
495,joy
496,joy
497,fear
498,fear
499,joy
500,fear
501,joy
502,joy
503,joy
504,joy
505,fear
506,joy
507,joy
508,fear
509,fear
510,fear
511,joy
512,fear
513,joy
514,joy
515,fear
516,joy
517,joy
518,joy
519,joy
520,joy
521,joy
522,joy
523,joy
524,joy
525,joy
526,fear
527,sadness
528,joy
529,joy
530,joy
531,joy
532,joy
533,joy
534,fear
535,sadness
536,sadness
537,fear
538,fear
539,fear
540,fear
541,fear
542,joy
543,fear
544,joy
545,joy
546,joy
547,joy
548,fear
549,joy
550,sadness
551,joy
552,joy
553,fear
554,fear
555,joy
556,anger
557,joy
558,fear
559,joy
560,joy
561,fear
562,joy
563,joy
564,sadness
565,joy
566,joy
567,fear
568,joy
569,joy
570,fear
571,joy
572,fear
573,fear
574,joy
575,joy
576,joy
577,joy
578,joy
579,fear
580,fear
581,joy
582,fear
583,joy
584,fear
585,joy
586,joy
587,joy
588,joy
589,joy
590,joy
591,joy
592,joy
593,joy
594,joy
595,sadness
596,joy
597,joy
598,joy
599,joy
600,sadness
601,joy
602,joy
603,fear
604,joy
605,sadness
606,joy
607,joy
608,joy
609,fear
610,joy
611,fear
612,fear
613,sadness
614,joy
615,joy
616,joy
617,joy
618,joy
619,joy
620,joy
621,joy
622,joy
623,joy
624,joy
625,fear
626,sadness
627,joy
628,anger
629,joy
630,joy
631,fear
632,joy
633,joy
634,joy
635,sadness
636,joy
637,joy
638,joy
639,joy
640,joy
641,joy
642,joy
643,joy
644,joy
645,joy
646,sadness
647,fear
648,joy
649,joy
650,fear
651,joy
652,joy
653,joy
654,joy
655,joy
656,sadness
657,joy
658,joy
659,joy
660,joy
661,joy
662,joy
663,fear
664,joy
665,joy
666,joy
667,fear
668,fear
669,joy
670,joy
671,joy
672,joy
673,joy
674,joy
675,joy
676,fear
677,joy
678,sadness
679,joy
680,joy
681,joy
682,fear
683,joy
684,joy
685,joy
686,fear
687,fear
688,joy
689,joy
690,joy
691,joy
692,sadness
693,joy
694,joy
695,joy
696,joy
697,joy
698,joy
699,joy
700,fear
701,joy
702,sadness
703,joy
704,fear
705,joy
706,joy
707,joy
708,fear
709,joy
710,joy
711,joy
712,fear
713,joy
714,joy
715,joy
716,sadness
717,joy
718,sadness
719,fear
720,joy
721,joy
722,joy
723,sadness
724,fear
725,joy
726,fear
727,fear
728,joy
729,joy
730,fear
731,joy
732,joy
733,joy
734,joy
735,sadness
736,joy
737,joy
738,fear
739,fear
740,joy
741,sadness
742,joy
743,fear
744,joy
745,joy
746,joy
747,joy
748,joy
749,joy
750,joy
751,sadness
752,joy
753,joy
754,fear
755,joy
756,fear
757,fear
758,joy
759,fear
760,sadness
761,joy
762,joy
763,joy
764,joy
765,joy
766,joy
767,joy
768,joy
769,fear
770,sadness
771,joy
772,joy
773,joy
774,joy
775,joy
776,joy
777,joy
778,joy
779,joy
780,anger
781,joy
782,joy
783,joy
784,fear
785,joy
786,joy
787,fear
788,joy
789,joy
790,joy
791,sadness
792,joy
793,joy
794,joy
795,joy
796,joy
797,joy
798,joy
799,joy
800,joy
801,joy
802,joy
803,joy
804,joy
805,joy
806,joy
807,joy
808,joy
809,joy
810,joy
811,joy
812,sadness
813,joy
814,joy
815,joy
816,joy
817,joy
818,joy
819,fear
820,fear
821,fear
822,joy
823,joy
824,fear
825,joy
826,joy
827,joy
828,joy
829,joy
830,fear
831,fear
832,joy
833,fear
834,joy
835,joy
836,sadness
837,joy
838,fear
839,joy
840,joy
841,sadness
842,fear
843,joy
844,joy
845,joy
846,joy
847,joy
848,fear
849,joy
850,fear
851,joy
852,joy
853,joy
854,joy
855,fear
856,fear
857,joy
858,fear
859,joy
860,joy
861,fear
862,joy
863,joy
864,fear
865,fear
866,joy
867,joy
868,joy
869,fear
870,fear
871,fear
872,fear
873,joy
874,joy
875,joy
876,joy
877,fear
878,joy
879,joy
880,fear
881,joy
882,joy
883,fear
884,joy
885,sadness
886,fear
887,joy
888,fear
889,fear
890,fear
891,fear
892,joy
893,fear
894,fear
895,anger
896,fear
897,joy
898,joy
899,sadness
900,joy
901,joy
902,fear
903,joy
904,joy
905,joy
906,sadness
907,joy
908,fear
909,fear
910,fear
911,fear
912,joy
913,joy
914,fear
915,joy
916,sadness
917,joy
918,joy
919,joy
920,fear
921,joy
922,joy
923,joy
924,joy
925,joy
926,joy
927,fear
928,fear
929,fear
930,fear
931,joy
932,fear
933,fear
934,joy
935,fear
936,fear
937,anger
938,joy
939,joy
940,joy
941,fear
942,sadness
943,fear
944,fear
945,sadness
946,fear
947,fear
948,fear
949,fear
950,fear
951,fear
952,fear
953,fear
954,fear
955,fear
956,fear
957,joy
958,joy
959,fear
960,joy
961,joy
962,fear
963,fear
964,fear
965,joy
966,anger
967,fear
968,fear
969,fear
970,fear
971,joy
972,joy
973,fear
974,sadness
975,fear
976,fear
977,joy
978,joy
979,joy
980,joy
981,joy
982,joy
983,fear
984,joy
985,fear
986,joy
987,fear
988,fear
989,joy
990,sadness
991,joy
992,joy
993,joy
994,fear
995,fear
996,sadness
997,joy
998,fear
999,joy
1000,fear
1001,fear
1002,fear
1003,joy
1004,joy
1005,anger
1006,joy
1007,fear
1008,fear
1009,fear
1010,fear
1011,joy
1012,joy
1013,fear
1014,fear
1015,joy
1016,joy
1017,joy
1018,joy
1019,fear
1020,fear
1021,joy
1022,fear
1023,fear
1024,fear
1025,fear
1026,joy
1027,fear
1028,joy
1029,joy
1030,fear
1031,joy
1032,joy
1033,sadness
1034,fear
1035,joy
1036,anger
1037,fear
1038,fear
1039,fear
1040,joy
1041,fear
1042,fear
1043,joy
1044,fear
1045,fear
1046,fear
1047,fear
1048,fear
1049,fear
1050,fear
1051,joy
1052,fear
1053,fear
1054,fear
1055,fear
1056,fear
1057,sadness
1058,joy
1059,joy
1060,joy
1061,joy
1062,fear
1063,fear
1064,fear
1065,joy
1066,fear
1067,joy
1068,fear
1069,fear
1070,fear
1071,fear
1072,fear
1073,joy
1074,joy
1075,fear
1076,joy
1077,fear
1078,joy
1079,fear
1080,sadness
1081,joy
1082,fear
1083,joy
1084,fear
1085,fear
1086,fear
1087,joy
1088,fear
1089,fear
1090,fear
1091,fear
1092,fear
1093,fear
1094,joy
1095,joy
1096,fear
1097,joy
1098,joy
1099,fear
1100,fear
1101,joy
1102,fear
1103,fear
1104,joy
1105,fear
1106,anger
1107,fear
1108,sadness
1109,joy
1110,fear
1111,joy
1112,joy
1113,joy
1114,sadness
1115,fear
1116,fear
1117,joy
1118,fear
1119,fear
1120,fear
1121,fear
1122,fear
1123,fear
1124,fear
1125,sadness
1126,joy
1127,joy
1128,joy
1129,fear
1130,joy
1131,fear
1132,joy
1133,joy
1134,joy
1135,fear
1136,fear
1137,fear
1138,joy
1139,joy
1140,fear
1141,fear
1142,fear
1143,fear
1144,fear
1145,fear
1146,joy
1147,sadness
1148,fear
1149,fear
1150,fear
1151,fear
1152,anger
1153,fear
1154,fear
1155,joy
1156,fear
1157,joy
1158,fear
1159,fear
1160,joy
1161,fear
1162,fear
1163,fear
1164,joy
1165,joy
1166,joy
1167,joy
1168,joy
1169,fear
1170,fear
1171,fear
1172,anger
1173,joy
1174,joy
1175,joy
1176,joy
1177,fear
1178,fear
1179,joy
1180,joy
1181,fear
1182,fear
1183,fear
1184,fear
1185,fear
1186,joy
1187,fear
1188,joy
1189,fear
1190,fear
1191,joy
1192,fear
1193,fear
1194,joy
1195,joy
1196,joy
1197,joy
1198,fear
1199,fear
1200,fear
1201,joy
1202,sadness
1203,joy
1204,fear
1205,joy
1206,fear
1207,sadness
1208,joy
1209,sadness
1210,fear
1211,joy
1212,joy
1213,joy
1214,fear
1215,joy
1216,joy
1217,joy
1218,sadness
1219,joy
1220,joy
1221,fear
1222,joy
1223,fear
1224,fear
1225,joy
1226,fear
1227,joy
1228,joy
1229,fear
1230,fear
1231,joy
1232,joy
1233,fear
1234,joy
1235,joy
1236,fear
1237,fear
1238,fear
1239,joy
1240,sadness
1241,joy
1242,joy
1243,joy
1244,joy
1245,fear
1246,anger
1247,joy
1248,joy
1249,joy
1250,fear
1251,joy
1252,fear
1253,fear
1254,joy
1255,fear
1256,fear
1257,fear
1258,joy
1259,fear
1260,joy
1261,sadness
1262,joy
1263,anger
1264,joy
1265,fear
1266,joy
1267,fear
1268,fear
1269,joy
1270,fear
1271,joy
1272,fear
1273,fear
1274,fear
1275,fear
1276,joy
1277,fear
1278,joy
1279,joy
1280,joy
1281,fear
1282,fear
1283,joy
1284,fear
1285,sadness
1286,fear
1287,sadness
1288,sadness
1289,sadness
1290,fear
1291,fear
1292,joy
1293,fear
1294,joy
1295,fear
1296,fear
1297,fear
1298,joy
1299,sadness
1300,fear
1301,joy
1302,fear
1303,joy
1304,sadness
1305,joy
1306,joy
1307,joy
1308,fear
1309,joy
1310,fear
1311,fear
1312,fear
1313,fear
1314,fear
1315,fear
1316,fear
1317,joy
1318,joy
1319,fear
1320,fear
1321,fear
1322,joy
1323,fear
1324,joy
1325,fear
1326,sadness
1327,fear
1328,joy
1329,joy
1330,fear
1331,joy
1332,fear
1333,joy
1334,fear
1335,fear
1336,fear
1337,joy
1338,joy
1339,fear
1340,joy
1341,joy
1342,joy
1343,joy
1344,fear
1345,fear
1346,anger
1347,fear
1348,fear
1349,fear
1350,fear
1351,joy
1352,sadness
1353,joy
1354,fear
1355,fear
1356,fear
1357,joy
1358,fear
1359,fear
1360,joy
1361,joy
1362,joy
1363,joy
1364,joy
1365,joy
1366,fear
1367,fear
1368,fear
1369,fear
1370,joy
1371,fear
1372,fear
1373,fear
1374,fear
1375,joy
1376,fear
1377,fear
1378,joy
1379,joy
1380,anger
1381,fear
1382,joy
1383,joy
1384,fear
1385,joy
1386,joy
1387,sadness
1388,fear
1389,joy
1390,joy
1391,fear
1392,fear
1393,fear
1394,fear
1395,joy
1396,joy
1397,sadness
1398,anger
1399,fear
1400,fear
1401,joy
1402,joy
1403,fear
1404,joy
1405,joy
1406,fear
1407,fear
1408,joy
1409,joy
1410,fear
1411,joy
1412,fear
1413,fear
1414,joy
1415,joy
1416,joy
1417,sadness
1418,sadness
1419,fear
1420,fear
1421,fear
1422,fear
1423,fear
1424,fear
1425,joy
1426,fear
1427,fear
1428,joy
1429,joy
1430,fear
1431,fear
1432,joy
1433,joy
1434,joy
1435,anger
1436,fear
1437,sadness
1438,sadness
1439,sadness
1440,fear
1441,fear
1442,joy
1443,joy
1444,fear
1445,fear
1446,fear
1447,joy
1448,joy
1449,joy
1450,joy
1451,joy
1452,fear
1453,fear
1454,fear
1455,joy
1456,fear
1457,joy
1458,joy
1459,joy
1460,joy
1461,joy
1462,joy
1463,fear
1464,fear
1465,joy
1466,fear
1467,anger
1468,joy
1469,fear
1470,fear
1471,fear
1472,fear
1473,fear
1474,joy
1475,joy
1476,fear
1477,joy
1478,fear
1479,fear
1480,fear
1481,fear
1482,fear
1483,fear
1484,fear
1485,fear
1486,joy
1487,joy
1488,joy
1489,joy
1490,anger
1491,fear
1492,fear
1493,joy
1494,joy
1495,fear
1496,anger
1497,fear
1498,joy
1499,fear
1500,fear
1501,joy
1502,fear
1503,sadness
1504,joy
1505,fear
1506,fear
1507,fear
1508,fear
1509,sadness
1510,fear
1511,joy
1512,fear
1513,fear
1514,fear
1515,fear
1516,fear
1517,joy
1518,fear
1519,joy
1520,joy
1521,joy
1522,joy
1523,fear
1524,joy
1525,joy
1526,fear
1527,joy
1528,joy
1529,fear
1530,joy
1531,fear
1532,fear
1533,joy
1534,joy
1535,joy
1536,joy
1537,joy
1538,joy
1539,joy
1540,joy
1541,fear
1542,sadness
1543,joy
1544,fear
1545,joy
1546,fear
1547,fear
1548,joy
1549,fear
1550,fear
1551,anger
1552,joy
1553,joy
1554,fear
1555,joy
1556,fear
1557,fear
1558,fear
1559,joy
1560,fear
1561,fear
1562,joy
1563,fear
1564,fear
1565,joy
1566,fear
1567,joy
1568,fear
1569,fear
1570,anger
1571,joy
1572,fear
1573,joy
1574,sadness
1575,fear
1576,sadness
1577,joy
1578,joy
1579,fear
1580,joy
1581,joy
1582,fear
1583,fear
1584,fear
1585,joy
1586,fear
1587,fear
1588,fear
1589,fear
1590,joy
1591,fear
1592,joy
1593,fear
1594,joy
1595,joy
1596,joy
1597,fear
1598,sadness
1599,joy
1600,fear
1601,joy
1602,fear
1603,fear
1604,fear
1605,sadness
1606,fear
1607,fear
1608,joy
1609,fear
1610,joy
1611,fear
1612,joy
1613,fear
1614,fear
1615,joy
1616,fear
1617,joy
1618,fear
1619,joy
1620,fear
1621,fear
1622,fear
1623,fear
1624,joy
1625,fear
1626,joy
1627,fear
1628,joy
1629,fear
1630,fear
1631,fear
1632,joy
1633,fear
1634,fear
1635,joy
1636,joy
1637,joy
1638,joy
1639,fear
1640,joy
1641,anger
1642,fear
1643,fear
1644,joy
1645,joy
1646,fear
1647,fear
1648,joy
1649,fear
1650,fear
1651,joy
1652,joy
1653,fear
1654,joy
1655,fear
1656,joy
1657,fear
1658,fear
1659,fear
1660,joy
1661,fear
1662,joy
1663,joy
1664,fear
1665,fear
1666,fear
1667,joy
1668,fear
1669,joy
1670,joy
1671,joy
1672,fear
1673,fear
1674,fear
1675,joy
1676,anger
1677,anger
1678,fear
1679,fear
1680,fear
1681,fear
1682,joy
1683,fear
1684,fear
1685,fear
1686,fear
1687,joy
1688,joy
1689,joy
1690,fear
1691,joy
1692,joy
1693,joy
1694,fear
1695,joy
1696,fear
1697,joy
1698,fear
1699,fear
1700,fear
1701,sadness
1702,joy
1703,joy
1704,joy
1705,joy
1706,fear
1707,joy
1708,fear
1709,joy
1710,fear
1711,fear
1712,fear
1713,fear
1714,fear
1715,fear
1716,joy
1717,fear
1718,joy
1719,anger
1720,fear
1721,fear
1722,joy
1723,fear
1724,fear
1725,joy
1726,fear
1727,fear
1728,joy
1729,fear
1730,fear
1731,fear
1732,joy
1733,sadness
1734,joy
1735,joy
1736,fear
1737,fear
1738,joy
1739,sadness
1740,joy
1741,fear
1742,fear
1743,fear
1744,sadness
1745,fear
1746,joy
1747,fear
1748,sadness
1749,fear
1750,fear
1751,fear
1752,fear
1753,joy
1754,fear
1755,joy
1756,joy
1757,fear
1758,fear
1759,joy
1760,joy
1761,fear
1762,joy
1763,fear
1764,fear
1765,fear
1766,joy
1767,joy
1768,joy
1769,fear
1770,fear
1771,joy
1772,fear
1773,fear
1774,joy
1775,fear
1776,joy
1777,joy
1778,fear
1779,fear
1780,fear
1781,joy
1782,joy
1783,joy
1784,fear
1785,joy
1786,joy
1787,joy
1788,joy
1789,fear
1790,joy
1791,joy
1792,fear
1793,fear
1794,fear
1795,joy
1796,joy
1797,joy
1798,fear
1799,joy
1800,joy
1801,sadness
1802,joy
1803,joy
1804,fear
1805,joy
1806,fear
1807,fear
1808,fear
1809,fear
1810,fear
1811,fear
1812,fear
1813,fear
1814,fear
1815,fear
1816,joy
1817,fear
1818,fear
1819,sadness
1820,fear
1821,fear
1822,joy
1823,joy
1824,fear
1825,fear
1826,joy
1827,fear
1828,joy
1829,joy
1830,fear
1831,joy
1832,joy
1833,fear
1834,joy
1835,fear
1836,joy
1837,joy
1838,fear
1839,joy
1840,joy
1841,fear
1842,fear
1843,fear
1844,fear
1845,joy
1846,fear
1847,fear
1848,joy
1849,joy
1850,joy
1851,fear
1852,joy
1853,fear
1854,fear
1855,joy
1856,fear
1857,joy
1858,anger
1859,joy
1860,fear
1861,fear
1862,fear
1863,joy
1864,fear
1865,joy
1866,fear
1867,fear
1868,joy
1869,sadness
1870,fear
1871,joy
1872,fear
1873,joy
1874,fear
1875,fear
1876,fear
1877,fear
1878,fear
1879,joy
1880,joy
1881,fear
1882,fear
1883,joy
1884,fear
1885,fear
1886,fear
1887,joy
1888,fear
1889,fear
1890,joy
1891,joy
1892,fear
1893,fear
1894,fear
1895,fear
1896,fear
1897,fear
1898,joy
1899,fear
1900,joy
1901,fear
1902,joy
1903,fear
1904,fear
1905,joy
1906,joy
1907,fear
1908,joy
1909,joy
1910,joy
1911,joy
1912,fear
1913,fear
1914,fear
1915,joy
1916,joy
1917,fear
1918,fear
1919,joy
1920,sadness
1921,joy
1922,fear
1923,fear
1924,fear
1925,fear
1926,fear
1927,fear
1928,fear
1929,fear
1930,fear
1931,fear
1932,fear
1933,fear
1934,sadness
1935,fear
1936,joy
1937,fear
1938,fear
1939,sadness
1940,fear
1941,fear
1942,joy
1943,joy
1944,joy
1945,joy
1946,fear
1947,fear
1948,fear
1949,fear
1950,anger
1951,fear
1952,fear
1953,fear
1954,fear
1955,fear
1956,joy
1957,fear
1958,fear
1959,joy
1960,fear
1961,fear
1962,joy
1963,fear
1964,joy
1965,joy
1966,joy
1967,fear
1968,joy
1969,fear
1970,joy
1971,fear
1972,fear
1973,joy
1974,fear
1975,joy
1976,fear
1977,fear
1978,fear
1979,fear
1980,joy
1981,fear
1982,fear
1983,fear
1984,joy
1985,fear
1986,fear
1987,fear
1988,joy
1989,joy
1990,anger
1991,fear
1992,joy
1993,joy
1994,joy
1995,fear
1996,fear
1997,joy
1998,joy
1999,fear
2000,fear
2001,joy
2002,joy
2003,fear
2004,joy
2005,fear
2006,fear
2007,joy
2008,joy
2009,sadness
2010,fear
2011,joy
2012,joy
2013,anger
2014,anger
2015,fear
2016,fear
2017,joy
2018,sadness
2019,fear
2020,joy
2021,sadness
2022,fear
2023,fear
2024,fear
2025,joy
2026,fear
2027,joy
2028,fear
2029,anger
2030,fear
2031,fear
2032,fear
2033,joy
2034,joy
2035,anger
2036,fear
2037,joy
2038,fear
2039,fear
2040,fear
2041,joy
2042,joy
2043,fear
2044,fear
2045,joy
2046,joy
2047,fear
2048,fear
2049,joy
2050,fear
2051,joy
2052,fear
2053,joy
2054,joy
2055,fear
2056,fear
2057,fear
2058,fear
2059,joy
2060,joy
2061,fear
2062,fear
2063,fear
2064,joy
2065,fear
2066,fear
2067,fear
2068,fear
2069,fear
2070,joy
2071,fear
2072,joy
2073,fear
2074,joy
2075,fear
2076,joy
2077,fear
2078,sadness
2079,fear
2080,joy
2081,fear
2082,sadness
2083,fear
2084,fear
2085,joy
2086,joy
2087,fear
2088,joy
2089,fear
2090,fear
2091,fear
2092,fear
2093,fear
2094,joy
2095,joy
2096,fear
2097,fear
2098,joy
2099,fear
2100,fear
2101,fear
2102,joy
2103,fear
2104,fear
2105,fear
2106,joy
2107,fear
2108,fear
2109,fear
2110,fear
2111,joy
2112,fear
2113,fear
2114,joy
2115,joy
2116,joy
2117,joy
2118,joy
2119,fear
2120,fear
2121,sadness
2122,fear
2123,joy
2124,fear
2125,sadness
2126,fear
2127,joy
2128,fear
2129,joy
2130,joy
2131,anger
2132,sadness
2133,joy
2134,fear
2135,fear
2136,joy
2137,fear
2138,joy
2139,fear
2140,fear
2141,joy
2142,fear
2143,fear
2144,joy
2145,fear
2146,fear
2147,fear
2148,fear
2149,joy
2150,anger
2151,fear
2152,fear
2153,sadness
2154,fear
2155,fear
2156,anger
2157,fear
2158,joy
2159,joy
2160,fear
2161,joy
2162,joy
2163,joy
2164,fear
2165,joy
2166,fear
2167,joy
2168,joy
2169,joy
2170,fear
2171,fear
2172,joy
2173,fear
2174,fear
2175,joy
2176,fear
2177,joy
2178,fear
2179,sadness
2180,sadness
2181,fear
2182,joy
2183,fear
2184,joy
2185,fear
2186,fear
2187,joy
2188,fear
2189,fear
2190,fear
2191,fear
2192,fear
2193,anger
2194,fear
2195,joy
2196,joy
2197,joy
2198,joy
2199,fear
2200,anger
2201,fear
2202,fear
2203,fear
2204,joy
2205,joy
2206,joy
2207,joy
2208,anger
2209,fear
2210,fear
2211,joy
2212,joy
2213,fear
2214,joy
2215,joy
2216,fear
2217,joy
2218,fear
2219,joy
2220,fear
2221,fear
2222,joy
2223,joy
2224,fear
2225,fear
2226,joy
2227,fear
2228,joy
2229,fear
2230,joy
2231,joy
2232,joy
2233,fear
2234,joy
2235,joy
2236,fear
2237,fear
2238,fear
2239,fear
2240,fear
2241,fear
2242,joy
2243,fear
2244,fear
2245,fear
2246,fear
2247,joy
2248,joy
2249,fear
2250,fear
2251,fear
2252,joy
2253,fear
2254,fear
2255,sadness
2256,fear
2257,fear
2258,fear
2259,sadness
2260,joy
2261,joy
2262,fear
2263,joy
2264,fear
2265,fear
2266,anger
2267,joy
2268,joy
2269,joy
2270,anger
2271,fear
2272,joy
2273,fear
2274,fear
2275,joy
2276,joy
2277,fear
2278,joy
2279,joy
2280,fear
2281,fear
2282,fear
2283,fear
2284,fear
2285,fear
2286,fear
2287,joy
2288,joy
2289,fear
2290,joy
2291,fear
2292,fear
2293,fear
2294,fear
2295,fear
2296,joy
2297,joy
2298,sadness
2299,fear
2300,fear
2301,fear
2302,joy
2303,joy
2304,joy
2305,joy
2306,joy
2307,fear
2308,fear
2309,joy
2310,fear
2311,fear
2312,fear
2313,fear
2314,joy
2315,fear
2316,fear
2317,fear
2318,sadness
2319,sadness
2320,joy
2321,fear
2322,fear
2323,anger
2324,fear
2325,joy
2326,fear
2327,fear
2328,fear
2329,fear
2330,sadness
2331,fear
2332,fear
2333,joy
2334,joy
2335,joy
2336,joy
2337,sadness
2338,sadness
2339,joy
2340,fear
2341,sadness
2342,fear
2343,sadness
2344,fear
2345,fear
2346,fear
2347,joy
2348,sadness
2349,fear
2350,fear
2351,joy
2352,joy
2353,joy
2354,fear
2355,joy
2356,joy
2357,fear
2358,fear
2359,fear
2360,fear
2361,fear
2362,fear
2363,joy
2364,fear
2365,fear
2366,joy
2367,fear
2368,joy
2369,joy
2370,fear
2371,fear
2372,sadness
2373,anger
2374,sadness
2375,fear
2376,fear
2377,joy
2378,joy
2379,anger
2380,joy
2381,fear
2382,joy
2383,joy
2384,fear
2385,joy
2386,joy
2387,joy
2388,sadness
2389,fear
2390,joy
2391,joy
2392,joy
2393,joy
2394,fear
2395,joy
2396,joy
2397,joy
2398,joy
2399,joy
2400,joy
2401,joy
2402,joy
2403,joy
2404,joy
2405,joy
2406,joy
2407,sadness
2408,fear
2409,sadness
2410,joy
2411,sadness
2412,joy
2413,joy
2414,sadness
2415,fear
2416,joy
2417,fear
2418,joy
2419,joy
2420,joy
2421,joy
2422,sadness
2423,joy
2424,joy
2425,joy
2426,fear
2427,joy
2428,joy
2429,joy
2430,joy
2431,joy
2432,fear
2433,joy
2434,fear
2435,joy
2436,joy
2437,sadness
2438,joy
2439,joy
2440,sadness
2441,joy
2442,joy
2443,joy
2444,joy
2445,sadness
2446,sadness
2447,joy
2448,joy
2449,joy
2450,sadness
2451,joy
2452,joy
2453,sadness
2454,joy
2455,joy
2456,joy
2457,joy
2458,fear
2459,joy
2460,joy
2461,joy
2462,joy
2463,joy
2464,joy
2465,joy
2466,joy
2467,joy
2468,fear
2469,joy
2470,fear
2471,joy
2472,joy
2473,joy
2474,fear
2475,joy
2476,joy
2477,sadness
2478,joy
2479,joy
2480,fear
2481,joy
2482,joy
2483,joy
2484,joy
2485,joy
2486,joy
2487,joy
2488,joy
2489,joy
2490,sadness
2491,joy
2492,sadness
2493,joy
2494,joy
2495,joy
2496,joy
2497,fear
2498,sadness
2499,joy
2500,joy
2501,anger
2502,fear
2503,joy
2504,joy
2505,joy
2506,joy
2507,sadness
2508,sadness
2509,joy
2510,fear
2511,fear
2512,joy
2513,fear
2514,sadness
2515,joy
2516,fear
2517,joy
2518,joy
2519,joy
2520,joy
2521,joy
2522,joy
2523,fear
2524,fear
2525,fear
2526,joy
2527,joy
2528,joy
2529,joy
2530,joy
2531,joy
2532,joy
2533,joy
2534,fear
2535,joy
2536,fear
2537,joy
2538,sadness
2539,fear
2540,joy
2541,joy
2542,anger
2543,fear
2544,joy
2545,joy
2546,joy
2547,joy
2548,joy
2549,joy
2550,fear
2551,joy
2552,joy
2553,fear
2554,fear
2555,fear
2556,joy
2557,joy
2558,joy
2559,joy
2560,joy
2561,sadness
2562,joy
2563,fear
2564,joy
2565,joy
2566,joy
2567,joy
2568,fear
2569,joy
2570,joy
2571,joy
2572,fear
2573,joy
2574,fear
2575,joy
2576,joy
2577,sadness
2578,joy
2579,sadness
2580,sadness
2581,joy
2582,joy
2583,joy
2584,joy
2585,joy
2586,fear
2587,joy
2588,joy
2589,joy
2590,joy
2591,joy
2592,joy
2593,anger
2594,joy
2595,joy
2596,joy
2597,joy
2598,joy
2599,anger
2600,anger
2601,joy
2602,joy
2603,joy
2604,joy
2605,joy
2606,sadness
2607,joy
2608,anger
2609,fear
2610,joy
2611,joy
2612,joy
2613,joy
2614,fear
2615,joy
2616,fear
2617,anger
2618,joy
2619,joy
2620,joy
2621,joy
2622,joy
2623,fear
2624,joy
2625,joy
2626,joy
2627,sadness
2628,fear
2629,joy
2630,joy
2631,joy
2632,joy
2633,joy
2634,joy
2635,joy
2636,joy
2637,sadness
2638,joy
2639,joy
2640,sadness
2641,sadness
2642,joy
2643,joy
2644,joy
2645,joy
2646,joy
2647,joy
2648,joy
2649,anger
2650,fear
2651,sadness
2652,fear
2653,fear
2654,joy
2655,joy
2656,joy
2657,joy
2658,joy
2659,joy
2660,joy
2661,joy
2662,joy
2663,joy
2664,joy
2665,fear
2666,sadness
2667,joy
2668,joy
2669,joy
2670,joy
2671,joy
2672,fear
2673,joy
2674,fear
2675,joy
2676,joy
2677,joy
2678,joy
2679,joy
2680,joy
2681,fear
2682,joy
2683,joy
2684,joy
2685,fear
2686,fear
2687,joy
2688,joy
2689,joy
2690,joy
2691,anger
2692,fear
2693,joy
2694,joy
2695,joy
2696,joy
2697,joy
2698,fear
2699,joy
2700,fear
2701,fear
2702,joy
2703,joy
2704,sadness
2705,joy
2706,sadness
2707,joy
2708,joy
2709,joy
2710,joy
2711,joy
2712,sadness
2713,joy
2714,joy
2715,joy
2716,sadness
2717,joy
2718,joy
2719,fear
2720,joy
2721,joy
2722,fear
2723,fear
2724,joy
2725,sadness
2726,fear
2727,joy
2728,joy
2729,joy
2730,joy
2731,joy
2732,joy
2733,fear
2734,joy
2735,fear
2736,fear
2737,joy
2738,fear
2739,joy
2740,fear
2741,fear
2742,fear
2743,joy
2744,joy
2745,joy
2746,joy
2747,joy
2748,joy
2749,joy
2750,fear
2751,joy
2752,joy
2753,fear
2754,joy
2755,fear
2756,joy
2757,joy
2758,joy
2759,joy
2760,sadness
2761,fear
2762,fear
2763,joy
2764,joy
2765,fear
2766,fear
2767,joy
2768,joy
2769,joy
2770,fear
2771,joy
2772,anger
2773,fear
2774,joy
2775,joy
2776,joy
2777,joy
2778,joy
2779,fear
2780,fear
2781,fear
2782,joy
2783,fear
2784,fear
2785,fear
2786,joy
2787,fear
2788,fear
2789,fear
2790,fear
2791,fear
2792,fear
2793,joy
2794,joy
2795,sadness
2796,fear
2797,joy
2798,fear
2799,joy
2800,joy
2801,fear
2802,joy
2803,joy
2804,fear
2805,joy
2806,fear
2807,joy
2808,fear
2809,joy
2810,fear
2811,fear
2812,joy
2813,fear
2814,joy
2815,fear
2816,fear
2817,joy
2818,fear
2819,fear
2820,fear
2821,joy
2822,joy
2823,fear
2824,fear
2825,joy
2826,fear
2827,joy
2828,joy
2829,joy
2830,fear
2831,fear
2832,sadness
2833,fear
2834,sadness
2835,joy
2836,joy
2837,joy
2838,fear
2839,fear
2840,joy
2841,joy
2842,joy
2843,joy
2844,joy
2845,joy
2846,fear
2847,joy
2848,joy
2849,fear
2850,joy
2851,fear
2852,fear
2853,joy
2854,joy
2855,fear
2856,fear
2857,sadness
2858,sadness
2859,joy
2860,fear
2861,joy
2862,fear
2863,sadness
2864,fear
2865,sadness
2866,joy
2867,fear
2868,joy
2869,joy
2870,fear
2871,joy
2872,joy
2873,joy
2874,fear
2875,joy
2876,joy
2877,fear
2878,joy
2879,fear
2880,fear
2881,joy
2882,joy
2883,joy
2884,joy
2885,fear
2886,joy
2887,joy
2888,joy
2889,joy
2890,joy
2891,fear
2892,joy
2893,fear
2894,joy
2895,joy
2896,joy
2897,joy
2898,joy
2899,fear
2900,fear
2901,fear
2902,fear
2903,fear
2904,sadness
2905,fear
2906,joy
2907,joy
2908,fear
2909,joy
2910,anger
2911,joy
2912,fear
2913,fear
2914,fear
2915,joy
2916,joy
2917,joy
2918,joy
2919,joy
2920,joy
2921,joy
2922,fear
2923,fear
2924,joy
2925,sadness
2926,joy
2927,joy
2928,fear
2929,sadness
2930,fear
2931,fear
2932,sadness
2933,fear
2934,joy
2935,joy
2936,sadness
2937,fear
2938,fear
2939,fear
2940,joy
2941,joy
2942,sadness
2943,fear
2944,joy
2945,joy
2946,joy
2947,fear
2948,fear
2949,fear
2950,joy
2951,joy
2952,joy
2953,fear
2954,joy
2955,fear
2956,anger
2957,joy
2958,fear
2959,fear
2960,fear
2961,joy
2962,fear
2963,joy
2964,joy
2965,joy
2966,fear
2967,joy
2968,fear
2969,joy
2970,fear
2971,joy
2972,fear
2973,joy
2974,fear
2975,fear
2976,joy
2977,fear
2978,fear
2979,joy
2980,joy
2981,joy
2982,fear
2983,fear
2984,joy
2985,fear
2986,fear
2987,fear
2988,joy
2989,fear
2990,fear
2991,joy
2992,fear
2993,anger
2994,joy
2995,fear
2996,joy
2997,fear
2998,fear
2999,fear
3000,joy
3001,joy
3002,joy
3003,fear
3004,anger
3005,joy
3006,joy
3007,joy
3008,fear
3009,fear
3010,joy
3011,fear
3012,fear
3013,fear
3014,fear
3015,fear
3016,joy
3017,fear
3018,joy
3019,joy
3020,fear
3021,fear
3022,joy
3023,fear
3024,joy
3025,anger
3026,fear
3027,joy
3028,joy
3029,fear
3030,joy
3031,fear
3032,fear
3033,joy
3034,fear
3035,fear
3036,fear
3037,joy
3038,fear
3039,joy
3040,anger
3041,joy
3042,fear
3043,fear
3044,joy
3045,fear
3046,fear
3047,joy
3048,joy
3049,joy
3050,fear
3051,joy
3052,fear
3053,joy
3054,sadness
3055,joy
3056,fear
3057,joy
3058,fear
3059,joy
3060,fear
3061,joy
3062,fear
3063,fear
3064,fear
3065,joy
3066,joy
3067,joy
3068,joy
3069,fear
3070,fear
3071,joy
3072,fear
3073,joy
3074,joy
3075,fear
3076,fear
3077,joy
3078,joy
3079,joy
3080,joy
3081,joy
3082,fear
3083,joy
3084,fear
3085,joy
3086,joy
3087,joy
3088,joy
3089,fear
3090,joy
3091,fear
3092,joy
3093,joy
3094,joy
3095,fear
3096,joy
3097,fear
3098,sadness
3099,sadness
3100,fear
3101,joy
3102,joy
3103,anger
3104,joy
3105,fear
3106,fear
3107,joy
3108,joy
3109,fear
3110,joy
3111,joy
3112,sadness
3113,fear
3114,joy
3115,joy
3116,joy
3117,sadness
3118,joy
3119,joy
3120,fear
3121,fear
3122,joy
3123,joy
3124,fear
3125,fear
3126,joy
3127,joy
3128,joy
3129,fear
3130,fear
3131,joy
3132,anger
3133,fear
3134,joy
3135,fear
3136,fear
3137,joy
3138,joy
3139,fear
3140,joy
3141,fear
3142,joy
3143,joy
3144,fear
3145,joy
3146,fear
3147,joy
3148,joy
3149,fear
3150,joy
3151,fear
3152,joy
3153,joy
3154,fear
3155,joy
3156,joy
3157,fear
3158,fear
3159,fear
3160,joy
3161,fear
3162,fear
3163,fear
3164,joy
3165,fear
3166,joy
3167,joy
3168,joy
3169,fear
3170,fear
3171,fear
3172,joy
3173,joy
3174,sadness
3175,anger
3176,joy
3177,joy
3178,fear
3179,sadness
3180,fear
3181,fear
3182,fear
3183,fear
3184,joy
3185,fear
3186,fear
3187,fear
3188,joy
3189,fear
3190,anger
3191,fear
3192,fear
3193,fear
3194,fear
3195,fear
3196,fear
3197,joy
3198,fear
3199,fear
3200,joy
3201,fear
3202,fear
3203,fear
3204,fear
3205,joy
3206,fear
3207,fear
3208,fear
3209,joy
3210,joy
3211,joy
3212,anger
3213,fear
3214,sadness
3215,fear
3216,fear
3217,fear
3218,fear
3219,fear
3220,sadness
3221,joy
3222,joy
3223,joy
3224,fear
3225,joy
3226,joy
3227,fear
3228,joy
3229,anger
3230,fear
3231,sadness
3232,joy
3233,fear
3234,joy
3235,fear
3236,joy
3237,sadness
3238,fear
3239,joy
3240,joy
3241,joy
3242,joy
3243,joy
3244,joy
3245,fear
3246,fear
3247,joy
3248,joy
3249,joy
3250,fear
3251,fear
3252,fear
3253,fear
3254,fear
3255,fear
3256,fear
3257,joy
3258,fear
3259,joy
3260,fear
3261,joy
3262,fear
3263,fear
3264,fear
3265,fear
3266,fear
3267,fear
3268,joy
3269,fear
3270,fear
3271,fear
3272,sadness
3273,fear
3274,fear
3275,sadness
3276,fear
3277,fear
3278,fear
3279,fear
3280,fear
3281,joy
3282,fear
3283,joy
3284,joy
3285,fear
3286,sadness
3287,fear
3288,joy
3289,joy
3290,fear
3291,fear
3292,fear
3293,joy
3294,fear
3295,joy
3296,fear
3297,fear
3298,anger
3299,fear
3300,fear
3301,joy
3302,fear
3303,fear
3304,sadness
3305,fear
3306,joy
3307,fear
3308,joy
3309,joy
3310,joy
3311,fear
3312,fear
3313,fear
3314,sadness
3315,fear
3316,fear
3317,fear
3318,fear
3319,fear
3320,joy
3321,fear
3322,joy
3323,joy
3324,joy
3325,fear
3326,joy
3327,fear
3328,fear
3329,joy
3330,joy
3331,joy
3332,joy
3333,joy
3334,joy
3335,fear
3336,fear
3337,fear
3338,fear
3339,joy
3340,joy
3341,joy
3342,fear
3343,fear
3344,joy
3345,fear
3346,fear
3347,joy
3348,joy
3349,fear
3350,joy
3351,fear
3352,sadness
3353,joy
3354,joy
3355,fear
3356,fear
3357,joy
3358,joy
3359,joy
3360,joy
3361,joy
3362,fear
3363,joy
3364,fear
3365,fear
3366,joy
3367,joy
3368,fear
3369,fear
3370,joy
3371,fear
3372,joy
3373,joy
3374,joy
3375,fear
3376,fear
3377,fear
3378,joy
3379,joy
3380,joy
3381,joy
3382,sadness
3383,fear
3384,fear
3385,fear
3386,fear
3387,joy
3388,sadness
3389,fear
3390,fear
3391,joy
3392,joy
3393,fear
3394,fear
3395,joy
3396,joy
3397,fear
3398,joy
3399,fear
3400,fear
3401,sadness
3402,fear
3403,fear
3404,fear
3405,fear
3406,joy
3407,joy
3408,fear
3409,fear
3410,fear
3411,fear
3412,fear
3413,anger
3414,fear
3415,fear
3416,joy
3417,fear
3418,fear
3419,fear
3420,fear
3421,sadness
3422,joy
3423,joy
3424,fear
3425,joy
3426,fear
3427,sadness
3428,joy
3429,fear
3430,sadness
3431,joy
3432,joy
3433,joy
3434,fear
3435,fear
3436,joy
3437,joy
3438,joy
3439,sadness
3440,joy
3441,fear
3442,joy
3443,sadness
3444,fear
3445,joy
3446,joy
3447,joy
3448,fear
3449,fear
3450,joy
3451,fear
3452,joy
3453,joy
3454,fear
3455,joy
3456,joy
3457,joy
3458,joy
3459,joy
3460,joy
3461,fear
3462,joy
3463,joy
3464,joy
3465,fear
3466,joy
3467,joy
3468,joy
3469,joy
3470,joy
3471,fear
3472,joy
3473,sadness
3474,joy
3475,fear
3476,joy
3477,anger
3478,fear
3479,joy
3480,joy
3481,sadness
3482,joy
3483,joy
3484,fear
3485,fear
3486,joy
3487,fear
3488,joy
3489,joy
3490,fear
3491,fear
3492,fear
3493,joy
3494,fear
3495,joy
3496,joy
3497,fear
3498,fear
3499,fear
3500,fear
3501,fear
3502,joy
3503,fear
3504,joy
3505,fear
3506,fear
3507,fear
3508,joy
3509,fear
3510,fear
3511,fear
3512,fear
3513,joy
3514,joy
3515,fear
3516,joy
3517,joy
3518,fear
3519,joy
3520,joy
3521,fear
3522,fear
3523,joy
3524,joy
3525,fear
3526,joy
3527,fear
3528,fear
3529,joy
3530,joy
3531,fear
3532,fear
3533,fear
3534,fear
3535,joy
3536,sadness
3537,fear
3538,fear
3539,fear
3540,fear
3541,fear
3542,fear
3543,joy
3544,joy
3545,joy
3546,fear
3547,joy
3548,joy
3549,sadness
3550,fear
3551,joy
3552,sadness
3553,joy
3554,fear
3555,fear
3556,joy
3557,fear
3558,joy
3559,fear
3560,joy
3561,fear
3562,fear
3563,joy
3564,joy
3565,fear
3566,fear
3567,fear
3568,joy
3569,joy
3570,fear
3571,fear
3572,anger
3573,fear
3574,sadness
3575,fear
3576,fear
3577,joy
3578,anger
3579,fear
3580,fear
3581,joy
3582,joy
3583,joy
3584,joy
3585,fear
3586,joy
3587,joy
3588,joy
3589,fear
3590,fear
3591,joy
3592,fear
3593,joy
3594,joy
3595,joy
3596,fear
3597,fear
3598,fear
3599,joy
3600,joy
3601,fear
3602,joy
3603,fear
3604,sadness
3605,joy
3606,fear
3607,joy
3608,fear
3609,fear
3610,joy
3611,fear
3612,joy
3613,joy
3614,sadness
3615,fear
3616,joy
3617,joy
3618,fear
3619,joy
3620,joy
3621,fear
3622,joy
3623,sadness
3624,fear
3625,sadness
3626,joy
3627,joy
3628,joy
3629,joy
3630,joy
3631,sadness
3632,joy
3633,joy
3634,joy
3635,joy
3636,joy
3637,joy
3638,fear
3639,joy
3640,fear
3641,joy
3642,fear
3643,joy
3644,joy
3645,joy
3646,joy
3647,fear
3648,joy
3649,fear
3650,fear
3651,joy
3652,anger
3653,fear
3654,fear
3655,joy
3656,joy
3657,fear
3658,joy
3659,fear
3660,joy
3661,fear
3662,joy
3663,joy
3664,joy
3665,joy
3666,joy
3667,fear
3668,joy
3669,joy
3670,joy
3671,joy
3672,joy
3673,fear
3674,joy
3675,joy
3676,joy
3677,joy
3678,joy
3679,joy
3680,joy
3681,fear
3682,joy
3683,fear
3684,joy
3685,sadness
3686,fear
3687,fear
3688,joy
3689,fear
3690,joy
3691,sadness
3692,fear
3693,fear
3694,joy
3695,joy
3696,joy
3697,joy
3698,fear
3699,joy
3700,joy
3701,joy
3702,fear
3703,joy
3704,joy
3705,fear
3706,joy
3707,joy
3708,joy
3709,joy
3710,fear
3711,joy
3712,fear
3713,joy
3714,joy
3715,joy
3716,fear
3717,joy
3718,fear
3719,fear
3720,fear
3721,joy
3722,joy
3723,fear
3724,joy
3725,joy
3726,joy
3727,joy
3728,fear
3729,joy
3730,joy
3731,joy
3732,joy
3733,fear
3734,fear
3735,joy
3736,joy
3737,joy
3738,joy
3739,fear
3740,joy
3741,joy
3742,joy
3743,sadness
3744,joy
3745,joy
3746,joy
3747,joy
3748,joy
3749,joy
3750,joy
3751,fear
3752,fear
3753,fear
3754,joy
3755,joy
3756,joy
3757,sadness
3758,fear
3759,joy
3760,joy
3761,joy
3762,fear
3763,fear
3764,joy
3765,joy
3766,joy
3767,fear
3768,joy
3769,joy
3770,fear
3771,joy
3772,joy
3773,joy
3774,joy
3775,joy
3776,joy
3777,joy
3778,joy
3779,joy
3780,joy
3781,joy
3782,joy
3783,fear
3784,joy
3785,joy
3786,joy
3787,joy
3788,joy
3789,joy
3790,fear
3791,joy
3792,joy
3793,joy
3794,fear
3795,joy
3796,fear
3797,fear
3798,fear
3799,joy
3800,fear
3801,fear
3802,fear
3803,fear
3804,fear
3805,fear
3806,fear
3807,joy
3808,joy
3809,joy
3810,fear
3811,joy
3812,joy
3813,fear
3814,joy
3815,joy
3816,fear
3817,joy
3818,fear
3819,fear
3820,fear
3821,joy
3822,joy
3823,joy
3824,joy
3825,fear
3826,fear
3827,fear
3828,fear
3829,fear
3830,joy
3831,fear
3832,fear
3833,fear
3834,fear
3835,fear
3836,joy
3837,fear
3838,fear
3839,joy
3840,joy
3841,fear
3842,joy
3843,fear
3844,fear
3845,joy
3846,joy
3847,joy
3848,fear
3849,fear
3850,fear
3851,joy
3852,joy
3853,joy
3854,joy
3855,joy
3856,joy
3857,fear
3858,fear
3859,joy
3860,joy
3861,joy
3862,fear
3863,joy
3864,fear
3865,joy
3866,joy
3867,joy
3868,fear
3869,joy
3870,fear
3871,fear
3872,joy
3873,joy
3874,fear
3875,fear
3876,joy
3877,sadness
3878,fear
3879,joy
3880,joy
3881,fear
3882,joy
3883,joy
3884,joy
3885,joy
3886,fear
3887,joy
3888,sadness
3889,joy
3890,joy
3891,joy
3892,fear
3893,fear
3894,joy
3895,joy
3896,joy
3897,fear
3898,joy
3899,joy
3900,joy
3901,joy
3902,joy
3903,fear
3904,fear
3905,joy
3906,joy
3907,fear
3908,fear
3909,fear
3910,joy
3911,fear
3912,joy
3913,joy
3914,joy
3915,fear
3916,joy
3917,fear
3918,fear
3919,joy
3920,fear
3921,joy
3922,fear
3923,joy
3924,fear
3925,fear
3926,fear
3927,fear
3928,sadness
3929,joy
3930,joy
3931,fear
3932,joy
3933,fear
3934,fear
3935,joy
3936,fear
3937,joy
3938,fear
3939,fear
3940,fear
3941,fear
3942,fear
3943,joy
3944,joy
3945,joy
3946,fear
3947,joy
3948,joy
3949,fear
3950,fear
3951,anger
3952,fear
3953,fear
3954,fear
3955,fear
3956,fear
3957,joy
3958,joy
3959,joy
3960,joy
3961,sadness
3962,sadness
3963,joy
3964,joy
3965,joy
3966,joy
3967,joy
3968,fear
3969,joy
3970,joy
3971,joy
3972,joy
3973,fear
3974,fear
3975,joy
3976,joy
3977,fear
3978,joy
3979,fear
3980,joy
3981,joy
3982,joy
3983,joy
3984,fear
3985,joy
3986,fear
3987,fear
3988,joy
3989,joy
3990,fear
3991,joy
3992,fear
3993,fear
3994,fear
3995,anger
3996,joy
3997,joy
3998,joy
3999,fear
4000,joy
4001,fear
4002,joy
4003,joy
4004,joy
4005,fear
4006,fear
4007,fear
4008,fear
4009,fear
4010,joy
4011,joy
4012,fear
4013,joy
4014,fear
4015,fear
4016,joy
4017,fear
4018,joy
4019,joy
4020,joy
4021,joy
4022,joy
4023,fear
4024,fear
4025,fear
4026,joy
4027,joy
4028,joy
4029,fear
4030,fear
4031,fear
4032,fear
4033,fear
4034,joy
4035,fear
4036,fear
4037,fear
4038,joy
4039,joy
4040,joy
4041,joy
4042,joy
4043,joy
4044,joy
4045,fear
4046,fear
4047,joy
4048,joy
4049,fear
4050,sadness
4051,fear
4052,joy
4053,joy
4054,joy
4055,fear
4056,fear
4057,fear
4058,joy
4059,joy
4060,fear
4061,fear
4062,fear
4063,fear
4064,joy
4065,joy
4066,joy
4067,joy
4068,joy
4069,joy
4070,fear
4071,fear
4072,joy
4073,joy
4074,joy
4075,fear
4076,joy
4077,joy
4078,joy
4079,fear
4080,sadness
4081,joy
4082,fear
4083,fear
4084,joy
4085,fear
4086,fear
4087,joy
4088,fear
4089,joy
4090,joy
4091,fear
4092,joy
4093,joy
4094,fear
4095,fear
4096,joy
4097,fear
4098,sadness
4099,fear
4100,joy
4101,fear
4102,joy
4103,joy
4104,joy
4105,fear
4106,joy
4107,joy
4108,joy
4109,joy
4110,joy
4111,joy
4112,joy
4113,joy
4114,fear
4115,joy
4116,fear
4117,joy
4118,fear
4119,joy
4120,joy
4121,fear
4122,fear
4123,fear
4124,joy
4125,joy
4126,joy
4127,joy
4128,fear
4129,joy
4130,fear
4131,joy
4132,joy
4133,joy
4134,fear
4135,joy
4136,fear
4137,joy
4138,joy
4139,fear
4140,fear
4141,joy
4142,joy
4143,joy
4144,fear
4145,joy
4146,sadness
4147,fear
4148,joy
4149,fear
4150,joy
4151,joy
4152,joy
4153,fear
4154,joy
4155,joy
4156,fear
4157,anger
4158,fear
4159,fear
4160,joy
4161,fear
4162,anger
4163,joy
4164,joy
4165,joy
4166,fear
4167,joy
4168,joy
4169,joy
4170,joy
4171,joy
4172,fear
4173,joy
4174,joy
4175,fear
4176,joy
4177,joy
4178,fear
4179,sadness
4180,joy
4181,fear
4182,joy
4183,joy
4184,fear
4185,fear
4186,fear
4187,sadness
4188,joy
4189,joy
4190,sadness
4191,fear
4192,fear
4193,joy
4194,joy
4195,fear
4196,joy
4197,sadness
4198,joy
4199,fear
4200,fear
4201,joy
4202,joy
4203,joy
4204,fear
4205,joy
4206,joy
4207,fear
4208,joy
4209,joy
4210,joy
4211,joy
4212,fear
4213,fear
4214,sadness
4215,joy
4216,joy
4217,fear
4218,joy
4219,joy
4220,joy
4221,joy
4222,fear
4223,joy
4224,joy
4225,joy
4226,fear
4227,joy
4228,joy
4229,joy
4230,fear
4231,joy
4232,sadness
4233,fear
4234,fear
4235,fear
4236,joy
4237,joy
4238,fear
4239,sadness
4240,joy
4241,fear
4242,sadness
4243,fear
4244,joy
4245,fear
4246,fear
4247,anger
4248,fear
4249,sadness
4250,fear
4251,joy
4252,sadness
4253,joy
4254,joy
4255,sadness
4256,fear
4257,joy
4258,sadness
4259,joy
4260,joy
4261,joy
4262,joy
4263,joy
4264,sadness
4265,sadness
4266,sadness
4267,joy
4268,joy
4269,joy
4270,joy
4271,joy
4272,sadness
4273,joy
4274,joy
4275,joy
4276,joy
4277,fear
4278,joy
4279,joy
4280,fear
4281,fear
4282,joy
4283,joy
4284,joy
4285,fear
4286,sadness
4287,joy
4288,joy
4289,fear
4290,fear
4291,fear
4292,sadness
4293,fear
4294,joy
4295,joy
4296,joy
4297,fear
4298,joy
4299,joy
4300,joy
4301,joy
4302,joy
4303,joy
4304,joy
4305,fear
4306,fear
4307,joy
4308,joy
4309,joy
4310,fear
4311,fear
4312,fear
4313,joy
4314,joy
4315,fear
4316,joy
4317,joy
4318,fear
4319,sadness
4320,joy
4321,joy
4322,joy
4323,sadness
4324,joy
4325,joy
4326,joy
4327,fear
4328,sadness
4329,joy
4330,joy
4331,joy
4332,joy
4333,joy
4334,sadness
4335,joy
4336,fear
4337,joy
4338,joy
4339,joy
4340,joy
4341,fear
4342,joy
4343,sadness
4344,fear
4345,fear
4346,joy
4347,joy
4348,fear
4349,fear
4350,fear
4351,fear
4352,fear
4353,fear
4354,joy
4355,joy
4356,fear
4357,fear
4358,anger
4359,joy
4360,joy
4361,joy
4362,fear
4363,joy
4364,joy
4365,joy
4366,fear
4367,fear
4368,fear
4369,fear
4370,joy
4371,fear
4372,joy
4373,sadness
4374,fear
4375,fear
4376,fear
4377,joy
4378,fear
4379,joy
4380,joy
4381,joy
4382,fear
4383,joy
4384,sadness
4385,joy
4386,joy
4387,joy
4388,fear
4389,joy
4390,joy
4391,fear
4392,fear
4393,fear
4394,joy
4395,sadness
4396,fear
4397,fear
4398,joy
4399,fear
4400,joy
4401,fear
4402,fear
4403,joy
4404,joy
4405,fear
4406,joy
4407,joy
4408,fear
4409,fear
4410,fear
4411,fear
4412,joy
4413,joy
4414,joy
4415,sadness
4416,fear
4417,fear
4418,joy
4419,fear
4420,fear
4421,joy
4422,sadness
4423,joy
4424,joy
4425,fear
4426,joy
4427,joy
4428,joy
4429,joy
4430,joy
4431,joy
4432,joy
4433,fear
4434,fear
4435,fear
4436,sadness
4437,fear
4438,fear
4439,joy
4440,fear
4441,joy
4442,fear
4443,sadness
4444,joy
4445,fear
4446,fear
4447,fear
4448,joy
4449,joy
4450,fear
4451,fear
4452,joy
4453,joy
4454,joy
4455,joy
4456,fear
4457,anger
4458,joy
4459,fear
4460,fear
4461,fear
4462,joy
4463,joy
4464,fear
4465,fear
4466,anger
4467,joy
4468,fear
4469,anger
4470,sadness
4471,anger
4472,fear
4473,fear
4474,joy
4475,joy
4476,joy
4477,sadness
4478,fear
4479,joy
4480,fear
4481,fear
4482,joy
4483,joy
4484,fear
4485,joy
4486,joy
4487,joy
4488,joy
4489,sadness
4490,fear
4491,joy
4492,joy
4493,joy
4494,joy
4495,anger
4496,fear
4497,joy
4498,joy
4499,joy
4500,joy
4501,fear
4502,fear
4503,joy
4504,fear
4505,joy
4506,fear
4507,joy
4508,joy
4509,joy
4510,fear
4511,fear
4512,fear
4513,fear
4514,fear
4515,fear
4516,joy
4517,sadness
4518,joy
4519,joy
4520,fear
4521,anger
4522,fear
4523,sadness
4524,fear
4525,fear
4526,sadness
4527,fear
4528,joy
4529,fear
4530,joy
4531,fear
4532,joy
4533,joy
4534,fear
4535,joy
4536,fear
4537,fear
4538,fear
4539,joy
4540,fear
4541,joy
4542,fear
4543,joy
4544,fear
4545,joy
4546,joy
4547,joy
4548,fear
4549,fear
4550,joy
4551,sadness
4552,joy
4553,fear
4554,sadness
4555,fear
4556,joy
4557,fear
4558,joy
4559,fear
4560,joy
4561,joy
4562,joy
4563,joy
4564,fear
4565,sadness
4566,fear
4567,fear
4568,joy
4569,fear
4570,fear
4571,joy
4572,joy
4573,joy
4574,fear
4575,joy
4576,joy
4577,joy
4578,fear
4579,joy
4580,joy
4581,sadness
4582,anger
4583,joy
4584,sadness
4585,fear
4586,sadness
4587,fear
4588,fear
4589,fear
4590,fear
4591,fear
4592,joy
4593,joy
4594,fear
4595,joy
4596,anger
4597,joy
4598,joy
4599,joy
4600,fear
4601,joy
4602,joy
4603,joy
4604,joy
4605,joy
4606,fear
4607,fear
4608,joy
4609,fear
4610,fear
4611,fear
4612,fear
4613,fear
4614,anger
4615,fear
4616,joy
4617,joy
4618,sadness
4619,fear
4620,joy
4621,joy
4622,fear
4623,fear
4624,fear
4625,fear
4626,fear
4627,joy
4628,joy
4629,fear
4630,joy
4631,fear
4632,joy
4633,sadness
4634,fear
4635,joy
4636,fear
4637,joy
4638,joy
4639,fear
4640,joy
4641,joy
4642,joy
4643,fear
4644,fear
4645,joy
4646,joy
4647,anger
4648,joy
4649,joy
4650,fear
4651,joy
4652,joy
4653,fear
4654,fear
4655,fear
4656,fear
4657,joy
4658,sadness
4659,joy
4660,joy
4661,fear
4662,fear
4663,fear
4664,joy
4665,fear
4666,fear
4667,fear
4668,joy
4669,joy
4670,joy
4671,joy
4672,fear
4673,fear
4674,joy
4675,sadness
4676,fear
4677,fear
4678,joy
4679,fear
4680,joy
4681,fear
4682,joy
4683,joy
4684,joy
4685,joy
4686,fear
4687,joy
4688,fear
4689,fear
4690,fear
4691,fear
4692,fear
4693,fear
4694,fear
4695,joy
4696,joy
4697,sadness
4698,joy
4699,fear
4700,joy
4701,joy
4702,fear
4703,joy
4704,joy
4705,joy
4706,fear
4707,joy
4708,joy
4709,joy
4710,fear
4711,fear
4712,joy
4713,joy
4714,joy
4715,sadness
4716,fear
4717,joy
4718,fear
4719,fear
4720,fear
4721,joy
4722,joy
4723,fear
4724,joy
4725,fear
4726,fear
4727,anger
4728,joy
4729,fear
4730,fear
4731,joy
4732,joy
4733,joy
4734,joy
4735,joy
4736,fear
4737,joy
4738,joy
4739,joy
4740,fear
4741,joy
4742,joy
4743,joy
4744,sadness
4745,sadness
4746,joy
4747,joy
4748,anger
4749,sadness
4750,fear
4751,fear
4752,joy
4753,sadness
4754,joy
4755,joy
4756,joy
4757,sadness
4758,fear
4759,joy
4760,fear
4761,fear
4762,joy
4763,joy
4764,joy
4765,joy
4766,joy
4767,fear
4768,fear
4769,sadness
4770,joy
4771,fear
4772,sadness
4773,joy
4774,joy
4775,fear
4776,fear
4777,fear
4778,joy
4779,joy
4780,joy
4781,fear
4782,joy
4783,fear
4784,fear
4785,joy
4786,fear
4787,fear
4788,fear
4789,joy
4790,joy
4791,sadness
4792,joy
4793,joy
4794,fear
4795,fear
4796,fear
4797,joy
4798,joy
4799,joy
4800,joy
4801,fear
4802,joy
4803,fear
4804,joy
4805,joy
4806,joy
4807,joy
4808,joy
4809,anger
4810,fear
4811,anger
4812,joy
4813,joy
4814,joy
4815,fear
4816,fear
4817,joy
4818,sadness
4819,joy
4820,joy
4821,fear
4822,fear
4823,joy
4824,joy
4825,fear
4826,joy
4827,joy
4828,joy
4829,sadness
4830,joy
4831,fear
4832,joy
4833,fear
4834,joy
4835,fear
4836,joy
4837,fear
4838,joy
4839,fear
4840,fear
4841,joy
4842,joy
4843,fear
4844,joy
4845,joy
4846,joy
4847,fear
4848,joy
4849,anger
4850,joy
4851,joy
4852,joy
4853,fear
4854,anger
4855,joy
4856,joy
4857,joy
4858,fear
4859,joy
4860,fear
4861,joy
4862,fear
4863,fear
4864,joy
4865,fear
4866,joy
4867,joy
4868,fear
4869,joy
4870,fear
4871,joy
4872,fear
4873,joy
4874,joy
4875,joy
4876,joy
4877,joy
4878,joy
4879,joy
4880,joy
4881,fear
4882,joy
4883,fear
4884,fear
4885,fear
4886,joy
4887,joy
4888,joy
4889,fear
4890,anger
4891,joy
4892,fear
4893,joy
4894,fear
4895,fear
4896,joy
4897,joy
4898,joy
4899,joy
4900,sadness
4901,joy
4902,fear
4903,joy
4904,joy
4905,fear
4906,joy
4907,joy
4908,joy
4909,joy
4910,joy
4911,joy
4912,fear
4913,joy
4914,fear
4915,joy
4916,joy
4917,fear
4918,joy
4919,joy
4920,joy
4921,fear
4922,fear
4923,joy
4924,joy
4925,joy
4926,fear
4927,joy
4928,joy
4929,joy
4930,joy
4931,joy
4932,joy
4933,joy
4934,fear
4935,joy
4936,joy
4937,fear
4938,joy
4939,fear
4940,joy
4941,joy
4942,joy
4943,fear
4944,fear
4945,anger
4946,joy
4947,joy
4948,fear
4949,joy
4950,fear
4951,joy
4952,joy
4953,joy
4954,fear
4955,joy
4956,joy
4957,joy
4958,sadness
4959,joy
4960,joy
4961,sadness
4962,joy
4963,joy
4964,joy
4965,joy
4966,anger
4967,joy
4968,joy
4969,joy
4970,fear
4971,sadness
4972,joy
4973,joy
4974,fear
4975,joy
4976,joy
4977,fear
4978,joy
4979,sadness
4980,joy
4981,fear
4982,fear
4983,joy
4984,joy
4985,joy
4986,joy
4987,fear
4988,joy
4989,joy
4990,joy
4991,fear
4992,fear
4993,joy
4994,joy
4995,fear
4996,joy
4997,joy
4998,joy
4999,joy
5000,fear
5001,joy
5002,joy
5003,fear
5004,joy
5005,fear
5006,fear
5007,joy
5008,joy
5009,joy
5010,sadness
5011,joy
5012,fear
5013,fear
5014,fear
5015,joy
5016,sadness
5017,joy
5018,fear
5019,joy
5020,fear
5021,anger
5022,anger
5023,joy
5024,joy
5025,joy
5026,fear
5027,joy
5028,fear
5029,fear
5030,joy
5031,joy
5032,joy
5033,fear
5034,fear
5035,sadness
5036,fear
5037,fear
5038,joy
5039,fear
5040,fear
5041,joy
5042,joy
5043,joy
5044,fear
5045,joy
5046,joy
5047,joy
5048,fear
5049,sadness
5050,joy
5051,fear
5052,fear
5053,joy
5054,sadness
5055,joy
5056,joy
5057,fear
5058,fear
5059,joy
5060,joy
5061,fear
5062,joy
5063,joy
5064,fear
5065,joy
5066,joy
5067,joy
5068,fear
5069,joy
5070,joy
5071,sadness
5072,sadness
5073,sadness
5074,sadness
5075,joy
5076,joy
5077,joy
5078,joy
5079,anger
5080,joy
5081,joy
5082,fear
5083,joy
5084,fear
5085,joy
5086,joy
5087,joy
5088,joy
5089,joy
5090,anger
5091,joy
5092,joy
5093,joy
5094,joy
5095,joy
5096,joy
5097,joy
5098,fear
5099,joy
5100,joy
5101,joy
5102,joy
5103,joy
5104,anger
5105,sadness
5106,joy
5107,joy
5108,fear
5109,fear
5110,fear
5111,fear
5112,fear
5113,joy
5114,fear
5115,fear
5116,joy
5117,fear
5118,fear
5119,joy
5120,anger
5121,joy
5122,joy
5123,joy
5124,fear
5125,fear
5126,fear
5127,joy
5128,joy
5129,joy
5130,joy
5131,joy
5132,joy
5133,fear
5134,joy
5135,sadness
5136,fear
5137,fear
5138,joy
5139,joy
5140,joy
5141,joy
5142,joy
5143,fear
5144,joy
5145,joy
5146,joy
5147,joy
5148,joy
5149,joy
5150,joy
5151,joy
5152,joy
5153,joy
5154,joy
5155,joy
5156,joy
5157,joy
5158,joy
5159,joy
5160,fear
5161,joy
5162,joy
5163,joy
5164,joy
5165,joy
5166,joy
5167,joy
5168,joy
5169,joy
5170,joy
5171,fear
5172,joy
5173,sadness
5174,joy
5175,joy
5176,joy
5177,fear
5178,joy
5179,joy
5180,sadness
5181,fear
5182,sadness
5183,sadness
5184,joy
5185,joy
5186,joy
5187,joy
5188,sadness
5189,fear
5190,joy
5191,joy
5192,joy
5193,joy
5194,joy
5195,sadness
5196,fear
5197,joy
5198,joy
5199,joy
5200,joy
5201,joy
5202,joy
5203,joy
5204,joy
5205,sadness
5206,joy
5207,joy
5208,joy
5209,joy
5210,joy
5211,joy
5212,joy
5213,joy
5214,joy
5215,joy
5216,joy
5217,joy
5218,joy
5219,joy
5220,fear
5221,fear
5222,joy
5223,joy
5224,joy
5225,joy
5226,joy
5227,joy
5228,fear
5229,fear
5230,joy
5231,joy
5232,joy
5233,fear
5234,joy
5235,fear
5236,joy
5237,fear
5238,joy
5239,fear
5240,joy
5241,joy
5242,joy
5243,joy
5244,joy
5245,fear
5246,sadness
5247,joy
5248,joy
5249,joy
5250,joy
5251,joy
5252,joy
5253,joy
5254,joy
5255,sadness
5256,joy
5257,joy
5258,joy
5259,joy
5260,joy
5261,fear
5262,fear
5263,joy
5264,joy
5265,joy
5266,anger
5267,joy
5268,joy
5269,fear
5270,joy
5271,joy
5272,fear
5273,joy
5274,joy
5275,joy
5276,joy
5277,joy
5278,joy
5279,joy
5280,fear
5281,joy
5282,joy
5283,joy
5284,joy
5285,anger
5286,joy
5287,joy
5288,fear
5289,fear
5290,sadness
5291,fear
5292,fear
5293,joy
5294,joy
5295,joy
5296,sadness
5297,joy
5298,fear
5299,sadness
5300,fear
5301,fear
5302,joy
5303,joy
5304,joy
5305,joy
5306,joy
5307,joy
5308,joy
5309,joy
5310,joy
5311,joy
5312,joy
5313,joy
5314,joy
5315,joy
5316,joy
5317,sadness
5318,fear
5319,joy
5320,joy
5321,joy
5322,joy
5323,fear
5324,joy
5325,sadness
5326,sadness
5327,anger
5328,joy
5329,joy
5330,joy
5331,fear
5332,fear
5333,fear
5334,joy
5335,sadness
5336,joy
5337,joy
5338,joy
5339,fear
5340,joy
5341,joy
5342,joy
5343,joy
5344,joy
5345,joy
5346,fear
5347,joy
5348,fear
5349,joy
5350,joy
5351,joy
5352,joy
5353,fear
5354,joy
5355,fear
5356,fear
5357,joy
5358,joy
5359,fear
5360,joy
5361,fear
5362,joy
5363,fear
5364,joy
5365,joy
5366,joy
5367,joy
5368,sadness
5369,fear
5370,fear
5371,anger
5372,fear
5373,joy
5374,joy
5375,fear
5376,fear
5377,fear
5378,anger
5379,joy
5380,joy
5381,joy
5382,fear
5383,fear
5384,fear
5385,fear
5386,joy
5387,joy
5388,joy
5389,joy
5390,joy
5391,joy
5392,fear
5393,fear
5394,joy
5395,joy
5396,joy
5397,joy
5398,joy
5399,joy
5400,joy
5401,joy
5402,joy
5403,sadness
5404,joy
5405,joy
5406,joy
5407,sadness
5408,joy
5409,fear
5410,joy
5411,joy
5412,fear
5413,joy
5414,joy
5415,joy
5416,joy
5417,joy
5418,fear
5419,joy
5420,joy
5421,joy
5422,fear
5423,joy
5424,fear
5425,joy
5426,joy
5427,fear
5428,joy
5429,joy
5430,joy
5431,joy
5432,joy
5433,sadness
5434,sadness
5435,sadness
5436,joy
5437,fear
5438,anger
5439,joy
5440,fear
5441,joy
5442,joy
5443,joy
5444,fear
5445,fear
5446,joy
5447,fear
5448,joy
5449,joy
5450,joy
5451,joy
5452,sadness
5453,anger
5454,fear
5455,fear
5456,joy
5457,joy
5458,joy
5459,fear
5460,fear
5461,sadness
5462,joy
5463,joy
5464,joy
5465,sadness
5466,joy
5467,joy
5468,joy
5469,joy
5470,joy
5471,joy
5472,joy
5473,joy
5474,joy
5475,sadness
5476,fear
5477,anger
5478,joy
5479,joy
5480,fear
5481,joy
5482,sadness
5483,joy
5484,joy
5485,joy
5486,joy
5487,sadness
5488,sadness
5489,fear
5490,joy
5491,joy
5492,joy
5493,joy
5494,joy
5495,joy
5496,joy
5497,joy
5498,joy
5499,joy
5500,fear
5501,fear
5502,joy
5503,joy
5504,joy
5505,fear
5506,joy
5507,joy
5508,joy
5509,joy
5510,joy
5511,joy
5512,joy
5513,fear
5514,joy
5515,fear
5516,joy
5517,fear
5518,sadness
5519,fear
5520,fear
5521,fear
5522,sadness
5523,fear
5524,joy
5525,joy
5526,fear
5527,joy
5528,joy
5529,fear
5530,fear
5531,fear
5532,fear
5533,joy
5534,joy
5535,fear
5536,fear
5537,joy
5538,fear
5539,joy
5540,sadness
5541,sadness
5542,sadness
5543,joy
5544,joy
5545,sadness
5546,joy
5547,anger
5548,joy
5549,joy
5550,fear
5551,joy
5552,joy
5553,joy
5554,joy
5555,fear
5556,joy
5557,fear
5558,joy
5559,sadness
5560,fear
5561,joy
5562,joy
5563,fear
5564,joy
5565,fear
5566,fear
5567,joy
5568,joy
5569,joy
5570,joy
5571,joy
5572,fear
5573,joy
5574,joy
5575,joy
5576,joy
5577,joy
5578,joy
5579,fear
5580,joy
5581,sadness
5582,joy
5583,fear
5584,joy
5585,joy
5586,joy
5587,joy
5588,joy
5589,joy
5590,joy
5591,joy
5592,fear
5593,joy
5594,joy
5595,anger
5596,joy
5597,joy
5598,joy
5599,joy
5600,joy
5601,joy
5602,joy
5603,sadness
5604,joy
5605,fear
5606,joy
5607,joy
5608,joy
5609,sadness
5610,joy
5611,sadness
5612,joy
5613,sadness
5614,fear
5615,joy
5616,joy
5617,fear
5618,anger
5619,joy
5620,joy
5621,fear
5622,joy
5623,joy
5624,joy
5625,joy
5626,joy
5627,joy
5628,joy
5629,joy
5630,fear
5631,joy
5632,fear
5633,joy
5634,joy
5635,sadness
5636,sadness
5637,sadness
5638,sadness
5639,sadness
5640,sadness
5641,fear
5642,fear
5643,fear
5644,fear
5645,joy
5646,fear
5647,joy
5648,joy
5649,fear
5650,joy
5651,joy
5652,joy
5653,joy
5654,sadness
5655,joy
5656,sadness
5657,joy
5658,joy
5659,joy
5660,joy
5661,joy
5662,joy
5663,joy
5664,fear
5665,joy
5666,joy
5667,joy
5668,joy
5669,joy
5670,sadness
5671,fear
5672,fear
5673,joy
5674,joy
5675,joy
5676,fear
5677,sadness
5678,fear
5679,joy
5680,joy
5681,fear
5682,joy
5683,joy
5684,joy
5685,joy
5686,fear
5687,joy
5688,joy
5689,joy
5690,joy
5691,joy
5692,joy
5693,joy
5694,anger
5695,joy
5696,joy
5697,joy
5698,joy
5699,sadness
5700,anger
5701,joy
5702,joy
5703,fear
5704,joy
5705,joy
5706,joy
5707,fear
5708,fear
5709,fear
5710,joy
5711,joy
5712,joy
5713,joy
5714,joy
5715,joy
5716,joy
5717,joy
5718,joy
5719,joy
5720,joy
5721,fear
5722,fear
5723,joy
5724,joy
5725,joy
5726,joy
5727,joy
5728,joy
5729,joy
5730,joy
5731,joy
5732,fear
5733,joy
5734,joy
5735,fear
5736,fear
5737,fear
5738,fear
5739,sadness
5740,joy
5741,joy
5742,joy
5743,joy
5744,joy
5745,joy
5746,joy
5747,joy
5748,joy
5749,fear
5750,fear
5751,fear
5752,joy
5753,joy
5754,joy
5755,fear
5756,joy
5757,fear
5758,joy
5759,joy
5760,fear
5761,fear
5762,joy
5763,joy
5764,joy
5765,joy
5766,joy
5767,joy
5768,sadness
5769,sadness
5770,fear
5771,joy
5772,fear
5773,joy
5774,joy
5775,joy
5776,joy
5777,joy
5778,anger
5779,fear
5780,joy
5781,fear
5782,joy
5783,joy
5784,joy
5785,joy
5786,fear
5787,joy
5788,joy
5789,joy
5790,fear
5791,joy
5792,joy
5793,joy
5794,sadness
5795,joy
5796,joy
5797,joy
5798,joy
5799,joy
5800,anger
5801,joy
5802,joy
5803,sadness
5804,joy
5805,fear
5806,joy
5807,fear
5808,joy
5809,joy
5810,fear
5811,joy
5812,fear
5813,sadness
5814,joy
5815,joy
5816,joy
5817,sadness
5818,joy
5819,joy
5820,joy
5821,joy
5822,joy
5823,fear
5824,joy
5825,joy
5826,joy
5827,joy
5828,fear
5829,joy
5830,joy
5831,joy
5832,joy
5833,joy
5834,joy
5835,joy
5836,joy
5837,joy
5838,joy
5839,joy
5840,joy
5841,fear
5842,fear
5843,joy
5844,joy
5845,fear
5846,joy
5847,fear
5848,joy
5849,joy
5850,joy
5851,joy
5852,joy
5853,joy
5854,fear
5855,joy
5856,joy
5857,joy
5858,joy
5859,fear
5860,joy
5861,joy
5862,joy
5863,joy
5864,joy
5865,joy
5866,joy
5867,fear
5868,joy
5869,fear
5870,joy
5871,joy
5872,joy
5873,joy
5874,joy
5875,joy
5876,joy
5877,joy
5878,joy
5879,joy
5880,joy
5881,joy
5882,joy
5883,joy
5884,joy
5885,fear
5886,fear
5887,anger
5888,fear
5889,joy
5890,joy
5891,joy
5892,joy
5893,joy
5894,sadness
5895,sadness
5896,sadness
5897,joy
5898,fear
5899,joy
5900,joy
5901,joy
5902,joy
5903,joy
5904,fear
5905,fear
5906,joy
5907,sadness
5908,joy
5909,joy
5910,fear
5911,fear
5912,joy
5913,joy
5914,fear
5915,sadness
5916,joy
5917,fear
5918,joy
5919,joy
5920,joy
5921,joy
5922,joy
5923,joy
5924,joy
5925,joy
5926,fear
5927,joy
5928,joy
5929,joy
5930,sadness
5931,joy
5932,joy
5933,joy
5934,fear
5935,fear
5936,fear
5937,joy
5938,fear
5939,joy
5940,fear
5941,joy
5942,joy
5943,joy
5944,anger
5945,joy
5946,sadness
5947,joy
5948,joy
5949,joy
5950,joy
5951,joy
5952,joy
5953,joy
5954,joy
5955,joy
5956,joy
5957,joy
5958,joy
5959,fear
5960,joy
5961,fear
5962,fear
5963,joy
5964,sadness
5965,joy
5966,joy
5967,fear
5968,joy
5969,joy
5970,joy
5971,joy
5972,joy
5973,joy
5974,fear
5975,joy
5976,joy
5977,fear
5978,joy
5979,joy
5980,fear
5981,fear
5982,fear
5983,joy
5984,joy
5985,fear
5986,joy
5987,joy
5988,fear
5989,sadness
5990,joy
5991,joy
5992,joy
5993,joy
5994,joy
5995,joy
5996,joy
5997,sadness
5998,joy
5999,joy
6000,joy
6001,joy
6002,joy
6003,joy
6004,joy
6005,fear
6006,joy
6007,joy
6008,sadness
6009,joy
6010,joy
6011,joy
6012,sadness
6013,sadness
6014,joy
6015,joy
6016,fear
6017,fear
6018,joy
6019,joy
6020,joy
6021,fear
6022,sadness
6023,joy
6024,joy
6025,joy
6026,joy
6027,fear
6028,joy
6029,joy
6030,joy
6031,joy
6032,joy
6033,fear
6034,joy
6035,joy
6036,joy
6037,joy
6038,sadness
6039,joy
6040,sadness
6041,joy
6042,fear
6043,sadness
6044,sadness
6045,fear
6046,joy
6047,joy
6048,joy
6049,sadness
6050,joy
6051,joy
6052,joy
6053,joy
6054,joy
6055,joy
6056,joy
6057,sadness
6058,joy
6059,joy
6060,fear
6061,joy
6062,joy
6063,joy
6064,sadness
6065,sadness
6066,joy
6067,joy
6068,joy
6069,joy
6070,joy
6071,fear
6072,sadness
6073,fear
6074,fear
6075,joy
6076,joy
6077,joy
6078,joy
6079,anger
6080,joy
6081,joy
6082,joy
6083,fear
6084,fear
6085,joy
6086,joy
6087,joy
6088,joy
6089,fear
6090,joy
6091,joy
6092,fear
6093,joy
6094,joy
6095,joy
6096,joy
6097,fear
6098,joy
6099,joy
6100,joy
6101,fear
6102,fear
6103,joy
6104,sadness
6105,joy
6106,joy
6107,joy
6108,sadness
6109,joy
6110,joy
6111,joy
6112,joy
6113,fear
6114,fear
6115,fear
6116,joy
6117,fear
6118,fear
6119,joy
6120,joy
6121,fear
6122,joy
6123,joy
6124,joy
6125,joy
6126,joy
6127,joy
6128,joy
6129,joy
6130,fear
6131,joy
6132,sadness
6133,joy
6134,fear
6135,joy
6136,joy
6137,joy
6138,joy
6139,joy
6140,joy
6141,joy
6142,joy
6143,joy
6144,fear
6145,joy
6146,joy
6147,fear
6148,sadness
6149,fear
6150,fear
6151,joy
6152,joy
6153,joy
6154,joy
6155,joy
6156,fear
6157,joy
6158,joy
6159,joy
6160,joy
6161,fear
6162,joy
6163,joy
6164,joy
6165,joy
6166,joy
6167,fear
6168,joy
6169,fear
6170,joy
6171,joy
6172,joy
6173,joy
6174,joy
6175,joy
6176,joy
6177,fear
6178,joy
6179,joy
6180,joy
6181,joy
6182,joy
6183,joy
6184,joy
6185,joy
6186,joy
6187,joy
6188,joy
6189,joy
6190,joy
6191,fear
6192,joy
6193,joy
6194,joy
6195,joy
6196,joy
6197,fear
6198,joy
6199,joy
6200,joy
6201,fear
6202,joy
6203,fear
6204,fear
6205,fear
6206,joy
6207,joy
6208,joy
6209,joy
6210,joy
6211,joy
6212,fear
6213,joy
6214,joy
6215,joy
6216,joy
6217,fear
6218,fear
6219,joy
6220,joy
6221,fear
6222,joy
6223,joy
6224,joy
6225,joy
6226,joy
6227,joy
6228,fear
6229,joy
6230,joy
6231,joy
6232,anger
6233,joy
6234,joy
6235,fear
6236,joy
6237,joy
6238,fear
6239,joy
6240,joy
6241,joy
6242,fear
6243,joy
6244,joy
6245,joy
6246,joy
6247,joy
6248,joy
6249,joy
6250,joy
6251,fear
6252,fear
6253,joy
6254,joy
6255,fear
6256,joy
6257,joy
6258,fear
6259,joy
6260,joy
6261,joy
6262,fear
6263,sadness
6264,joy
6265,joy
6266,anger
6267,joy
6268,fear
6269,joy
6270,joy
6271,joy
6272,fear
6273,joy
6274,joy
6275,joy
6276,fear
6277,joy
6278,joy
6279,fear
6280,joy
6281,joy
6282,joy
6283,fear
6284,joy
6285,joy
6286,fear
6287,joy
6288,joy
6289,joy
6290,fear
6291,fear
6292,fear
6293,joy
6294,fear
6295,joy
6296,sadness
6297,joy
6298,joy
6299,joy
6300,fear
6301,sadness
6302,fear
6303,joy
6304,sadness
6305,joy
6306,sadness
6307,joy
6308,fear
6309,joy
6310,joy
6311,sadness
6312,sadness
6313,sadness
6314,joy
6315,joy
6316,joy
6317,joy
6318,joy
6319,joy
6320,fear
6321,joy
6322,joy
6323,fear
6324,joy
6325,joy
6326,joy
6327,fear
6328,joy
6329,joy
6330,joy
6331,fear
6332,fear
6333,anger
6334,joy
6335,fear
6336,joy
6337,joy
6338,joy
6339,joy
6340,joy
6341,joy
6342,fear
6343,joy
6344,joy
6345,joy
6346,sadness
6347,joy
6348,joy
6349,fear
6350,sadness
6351,fear
6352,fear
6353,joy
6354,joy
6355,joy
6356,joy
6357,joy
6358,joy
6359,joy
6360,joy
6361,joy
6362,joy
6363,joy
6364,joy
6365,fear
6366,joy
6367,joy
6368,joy
6369,joy
6370,fear
6371,joy
6372,joy
6373,joy
6374,fear
6375,joy
6376,sadness
6377,fear
6378,joy
6379,joy
6380,joy
6381,joy
6382,joy
6383,fear
6384,joy
6385,joy
6386,joy
6387,joy
6388,joy
6389,joy
6390,sadness
6391,joy
6392,sadness
6393,joy
6394,joy
6395,sadness
6396,joy
6397,joy
6398,joy
6399,fear
6400,joy
6401,joy
6402,fear
6403,joy
6404,fear
6405,fear
6406,fear
6407,joy
6408,sadness
6409,fear
6410,joy
6411,fear
6412,fear
6413,joy
6414,joy
6415,joy
6416,joy
6417,joy
6418,joy
6419,sadness
6420,joy
6421,fear
6422,joy
6423,joy
6424,joy
6425,joy
6426,joy
6427,joy
6428,joy
6429,joy
6430,joy
6431,fear
6432,fear
6433,fear
6434,fear
6435,joy
6436,joy
6437,sadness
6438,joy
6439,joy
6440,joy
6441,joy
6442,joy
6443,joy
6444,joy
6445,joy
6446,joy
6447,joy
6448,joy
6449,joy
6450,joy
6451,fear
6452,joy
6453,joy
6454,joy
6455,joy
6456,joy
6457,joy
6458,fear
6459,joy
6460,fear
6461,joy
6462,joy
6463,joy
6464,joy
6465,joy
6466,joy
6467,joy
6468,joy
6469,joy
6470,joy
6471,joy
6472,joy
6473,joy
6474,joy
6475,joy
6476,joy
6477,joy
6478,joy
6479,joy
6480,joy
6481,fear
6482,joy
6483,joy
6484,joy
6485,joy
6486,joy
6487,fear
6488,joy
6489,joy
6490,joy
6491,joy
6492,joy
6493,sadness
6494,joy
6495,joy
6496,joy
6497,joy
6498,joy
6499,joy
6500,joy
6501,joy
6502,joy
6503,joy
6504,joy
6505,fear
6506,fear
6507,fear
6508,fear
6509,fear
6510,fear
6511,fear
6512,joy
6513,joy
6514,joy
6515,joy
6516,joy
6517,joy
6518,joy
6519,joy
6520,joy
6521,joy
6522,joy
6523,joy
6524,joy
6525,fear
6526,fear
6527,joy
6528,joy
6529,fear
6530,joy
6531,joy
6532,joy
6533,fear
6534,joy
6535,fear
6536,sadness
6537,joy
6538,fear
6539,joy
6540,fear
6541,joy
6542,joy
6543,joy
6544,joy
6545,joy
6546,joy
6547,fear
6548,fear
6549,joy
6550,joy
6551,joy
6552,fear
6553,joy
6554,fear
6555,joy
6556,joy
6557,joy
6558,joy
6559,joy
6560,joy
6561,joy
6562,sadness
6563,fear
6564,joy
6565,fear
6566,joy
6567,joy
6568,sadness
6569,fear
6570,joy
6571,fear
6572,joy
6573,fear
6574,fear
6575,fear
6576,joy
6577,joy
6578,joy
6579,fear
6580,fear
6581,joy
6582,joy
6583,joy
6584,joy
6585,joy
6586,joy
6587,joy
6588,fear
6589,joy
6590,fear
6591,joy
6592,joy
6593,joy
6594,joy
6595,fear
6596,joy
6597,joy
6598,fear
6599,joy
6600,fear
6601,sadness
6602,joy
6603,fear
6604,joy
6605,fear
6606,fear
6607,fear
6608,fear
6609,joy
6610,joy
6611,joy
6612,fear
6613,joy
6614,joy
6615,joy
6616,fear
6617,joy
6618,joy
6619,joy
6620,joy
6621,joy
6622,joy
6623,fear
6624,joy
6625,joy
6626,fear
6627,fear
6628,joy
6629,joy
6630,joy
6631,fear
6632,joy
6633,joy
6634,joy
6635,joy
6636,joy
6637,joy
6638,joy
6639,fear
6640,sadness
6641,joy
6642,fear
6643,joy
6644,joy
6645,joy
6646,fear
6647,joy
6648,joy
6649,joy
6650,joy
6651,joy
6652,joy
6653,fear
6654,fear
6655,joy
6656,joy
6657,joy
6658,joy
6659,fear
6660,joy
6661,joy
6662,joy
6663,joy
6664,joy
6665,fear
6666,joy
6667,fear
6668,joy
6669,joy
6670,joy
6671,fear
6672,fear
6673,joy
6674,joy
6675,joy
6676,joy
6677,joy
6678,fear
6679,joy
6680,anger
6681,joy
6682,joy
6683,joy
6684,joy
6685,joy
6686,joy
6687,joy
6688,joy
6689,joy
6690,joy
6691,joy
6692,joy
6693,joy
6694,joy
6695,joy
6696,fear
6697,joy
6698,fear
6699,joy
6700,joy
6701,joy
6702,joy
6703,joy
6704,joy
6705,joy
6706,joy
6707,joy
6708,joy
6709,fear
6710,joy
6711,fear
6712,joy
6713,joy
6714,joy
6715,fear
6716,joy
6717,joy
6718,joy
6719,fear
6720,joy
6721,fear
6722,fear
6723,joy
6724,joy
6725,joy
6726,fear
6727,joy
6728,joy
6729,joy
6730,fear
6731,joy
6732,joy
6733,joy
6734,joy
6735,joy
6736,joy
6737,joy
6738,joy
6739,joy
6740,joy
6741,joy
6742,fear
6743,fear
6744,anger
6745,joy
6746,joy
6747,joy
6748,joy
6749,fear
6750,joy
6751,joy
6752,joy
6753,fear
6754,joy
6755,joy
6756,joy
6757,sadness
6758,fear
6759,joy
6760,joy
6761,fear
6762,joy
6763,fear
6764,fear
6765,joy
6766,fear
6767,joy
6768,joy
6769,joy
6770,joy
6771,fear
6772,joy
6773,joy
6774,joy
6775,joy
6776,joy
6777,joy
6778,joy
6779,sadness
6780,joy
6781,joy
6782,fear
6783,joy
6784,joy
6785,sadness
6786,joy
6787,joy
6788,joy
6789,joy
6790,joy
6791,joy
6792,joy
6793,joy
6794,joy
6795,joy
6796,fear
6797,fear
6798,joy
6799,sadness
6800,joy
6801,fear
6802,joy
6803,joy
6804,joy
6805,fear
6806,joy
6807,joy
6808,joy
6809,joy
6810,joy
6811,fear
6812,fear
6813,fear
6814,joy
6815,fear
6816,joy
6817,joy
6818,joy
6819,joy
6820,joy
6821,fear
6822,joy
6823,joy
6824,anger
6825,joy
6826,fear
6827,joy
6828,joy
6829,sadness
6830,joy
6831,joy
6832,sadness
6833,joy
6834,fear
6835,joy
6836,joy
6837,sadness
6838,joy
6839,joy
6840,joy
6841,fear
6842,joy
6843,fear
6844,joy
6845,fear
6846,joy
6847,joy
6848,joy
6849,fear
6850,sadness
6851,joy
6852,joy
6853,joy
6854,fear
6855,joy
6856,fear
6857,joy
6858,joy
6859,sadness
6860,joy
6861,joy
6862,fear
6863,joy
6864,sadness
6865,joy
6866,joy
6867,fear
6868,joy
6869,joy
6870,joy
6871,fear
6872,joy
6873,fear
6874,joy
6875,joy
6876,fear
6877,joy
6878,joy
6879,fear
6880,fear
6881,joy
6882,sadness
6883,fear
6884,joy
6885,fear
6886,joy
6887,joy
6888,joy
6889,fear
6890,fear
6891,sadness
6892,joy
6893,joy
6894,fear
6895,joy
6896,joy
6897,fear
6898,fear
6899,joy
6900,joy
6901,joy
6902,joy
6903,fear
6904,fear
6905,joy
6906,joy
6907,fear
6908,joy
6909,anger
6910,joy
6911,joy
6912,joy
6913,fear
6914,joy
6915,fear
6916,sadness
6917,joy
6918,sadness
6919,joy
6920,joy
6921,joy
6922,joy
6923,joy
6924,joy
6925,joy
6926,fear
6927,joy
6928,joy
6929,joy
6930,joy
6931,joy
6932,joy
6933,joy
6934,joy
6935,joy
6936,joy
6937,joy
6938,joy
6939,fear
6940,joy
6941,joy
6942,fear
6943,joy
6944,joy
6945,joy
6946,sadness
6947,joy
6948,joy
6949,joy
6950,joy
6951,joy
6952,fear
6953,joy
6954,joy
6955,joy
6956,joy
6957,joy
6958,joy
6959,joy
6960,joy
6961,joy
6962,joy
6963,joy
6964,joy
6965,joy
6966,joy
6967,joy
6968,joy
6969,joy
6970,joy
6971,joy
6972,joy
6973,joy
6974,joy
6975,fear
6976,joy
6977,joy
6978,joy
6979,fear
6980,fear
6981,fear
6982,fear
6983,joy
6984,joy
6985,joy
6986,fear
6987,fear
6988,joy
6989,joy
6990,joy
6991,joy
6992,fear
6993,joy
6994,joy
6995,anger
6996,fear
6997,joy
6998,fear
6999,joy
7000,fear
7001,joy
7002,fear
7003,joy
7004,fear
7005,joy
7006,joy
7007,joy
7008,joy
7009,joy
7010,joy
7011,joy
7012,fear
7013,joy
7014,joy
7015,joy
7016,joy
7017,joy
7018,anger
7019,joy
7020,fear
7021,joy
7022,fear
7023,joy
7024,fear
7025,joy
7026,fear
7027,joy
7028,fear
7029,fear
7030,fear
7031,joy
7032,joy
7033,joy
7034,joy
7035,joy
7036,fear
7037,joy
7038,joy
7039,joy
7040,joy
7041,joy
7042,fear
7043,fear
7044,joy
7045,joy
7046,fear
7047,joy
7048,joy
7049,fear
7050,joy
7051,joy
7052,sadness
7053,joy
7054,joy
7055,joy
7056,fear
7057,joy
7058,joy
7059,anger
7060,joy
7061,joy
7062,fear
7063,joy
7064,sadness
7065,joy
7066,joy
7067,joy
7068,joy
7069,joy
7070,fear
7071,joy
7072,joy
7073,joy
7074,joy
7075,joy
7076,joy
7077,fear
7078,joy
7079,joy
7080,joy
7081,joy
7082,joy
7083,joy
7084,joy
7085,joy
7086,fear
7087,joy
7088,fear
7089,joy
7090,fear
7091,joy
7092,joy
7093,joy
7094,joy
7095,joy
7096,joy
7097,joy
7098,joy
7099,joy
7100,fear
7101,joy
7102,fear
7103,joy
7104,joy
7105,sadness
7106,joy
7107,fear
7108,fear
7109,joy
7110,joy
7111,joy
7112,joy
7113,joy
7114,joy
7115,joy
7116,joy
7117,joy
7118,joy
7119,fear
7120,joy
7121,fear
7122,sadness
7123,fear
7124,fear
7125,joy
7126,joy
7127,joy
7128,joy
7129,joy
7130,joy
7131,joy
7132,sadness
7133,joy
7134,joy
7135,joy
7136,joy
7137,joy
7138,joy
7139,joy
7140,joy
7141,joy
7142,fear
7143,joy
7144,joy
7145,joy
7146,joy
7147,joy
7148,joy
7149,joy
7150,joy
7151,joy
7152,joy
7153,joy
7154,fear
7155,joy
7156,joy
7157,joy
7158,joy
7159,fear
7160,joy
7161,joy
7162,fear
7163,joy
7164,anger
7165,joy
7166,joy
7167,joy
7168,joy
7169,joy
7170,fear
7171,joy
7172,joy
7173,joy
7174,joy
7175,joy
7176,joy
7177,joy
7178,joy
7179,anger
7180,joy
7181,joy
7182,joy
7183,joy
7184,joy
7185,joy
7186,fear
7187,joy
7188,joy
7189,fear
7190,joy
7191,joy
7192,fear
7193,joy
7194,sadness
7195,joy
7196,fear
7197,joy
7198,joy
7199,joy
7200,joy
7201,joy
7202,fear
7203,joy
7204,fear
7205,joy
7206,joy
7207,joy
7208,joy
7209,joy
7210,fear
7211,fear
7212,joy
7213,fear
7214,joy
7215,joy
7216,joy
7217,sadness
7218,fear
7219,joy
7220,fear
7221,joy
7222,joy
7223,joy
7224,joy
7225,joy
7226,fear
7227,joy
7228,fear
7229,joy
7230,joy
7231,joy
7232,joy
7233,fear
7234,joy
7235,joy
7236,joy
7237,fear
7238,joy
7239,joy
7240,fear
7241,fear
7242,joy
7243,joy
7244,joy
7245,joy
7246,joy
7247,joy
7248,joy
7249,fear
7250,joy
7251,joy
7252,joy
7253,joy
7254,joy
7255,joy
7256,joy
7257,joy
7258,joy
7259,joy
7260,fear
7261,fear
7262,joy
7263,joy
7264,fear
7265,joy
7266,joy
7267,joy
7268,joy
7269,joy
7270,fear
7271,fear
7272,joy
7273,joy
7274,joy
7275,joy
7276,joy
7277,joy
7278,joy
7279,joy
7280,joy
7281,joy
7282,joy
7283,sadness
7284,joy
7285,fear
7286,joy
7287,joy
7288,joy
7289,sadness
7290,joy
7291,joy
7292,joy
7293,fear
7294,sadness
7295,joy
7296,joy
7297,joy
7298,joy
7299,joy
7300,fear
7301,joy
7302,joy
7303,joy
7304,joy
7305,joy
7306,joy
7307,fear
7308,joy
7309,anger
7310,fear
7311,joy
7312,fear
7313,joy
7314,joy
7315,fear
7316,joy
7317,fear
7318,joy
7319,joy
7320,joy
7321,joy
7322,joy
7323,joy
7324,joy
7325,fear
7326,joy
7327,joy
7328,joy
7329,fear
7330,joy
7331,joy
7332,fear
7333,fear
7334,joy
7335,fear
7336,joy
7337,fear
7338,fear
7339,joy
7340,joy
7341,joy
7342,joy
7343,joy
7344,joy
7345,fear
7346,anger
7347,joy
7348,fear
7349,joy
7350,joy
7351,joy
7352,joy
7353,fear
7354,joy
7355,joy
7356,sadness
7357,joy
7358,fear
7359,joy
7360,anger
7361,joy
7362,joy
7363,joy
7364,joy
7365,joy
7366,fear
7367,joy
7368,sadness
7369,joy
7370,joy
7371,fear
7372,joy
7373,joy
7374,joy
7375,joy
7376,fear
7377,joy
7378,joy
7379,fear
7380,fear
7381,joy
7382,joy
7383,joy
7384,joy
7385,joy
7386,joy
7387,joy
7388,joy
7389,sadness
7390,joy
7391,joy
7392,fear
7393,fear
7394,fear
7395,fear
7396,joy
7397,joy
7398,joy
7399,joy
7400,joy
7401,joy
7402,joy
7403,joy
7404,joy
7405,fear
7406,fear
7407,joy
7408,fear
7409,joy
7410,joy
7411,joy
7412,joy
7413,joy
7414,joy
7415,fear
7416,joy
7417,joy
7418,joy
7419,joy
7420,fear
7421,joy
7422,fear
7423,fear
7424,joy
7425,joy
7426,joy
7427,joy
7428,joy
7429,joy
7430,joy
7431,fear
7432,joy
7433,joy
7434,joy
7435,joy
7436,fear
7437,joy
7438,joy
7439,joy
7440,fear
7441,fear
7442,joy
7443,joy
7444,joy
7445,joy
7446,joy
7447,fear
7448,fear
7449,fear
7450,joy
7451,joy
7452,joy
7453,fear
7454,fear
7455,joy
7456,fear
7457,joy
7458,joy
7459,joy
7460,joy
7461,fear
7462,fear
7463,joy
7464,fear
7465,joy
7466,joy
7467,joy
7468,sadness
7469,sadness
7470,sadness
7471,joy
7472,joy
7473,fear
7474,joy
7475,joy
7476,joy
7477,joy
7478,joy
7479,joy
7480,joy
7481,joy
7482,joy
7483,joy
7484,sadness
7485,fear
7486,joy
7487,fear
7488,fear
7489,joy
7490,joy
7491,sadness
7492,joy
7493,joy
7494,joy
7495,joy
7496,anger
7497,anger
7498,joy
7499,joy
7500,joy
7501,joy
7502,joy
7503,sadness
7504,joy
7505,joy
7506,fear
7507,joy
7508,joy
7509,joy
7510,joy
7511,joy
7512,joy
7513,joy
7514,joy
7515,joy
7516,joy
7517,joy
7518,joy
7519,joy
7520,joy
7521,joy
7522,fear
7523,joy
7524,joy
7525,joy
7526,joy
7527,joy
7528,joy
7529,fear
7530,joy
7531,joy
7532,joy
7533,joy
7534,joy
7535,fear
7536,joy
7537,fear
7538,joy
7539,fear
7540,joy
7541,joy
7542,joy
7543,joy
7544,joy
7545,joy
7546,joy
7547,joy
7548,joy
7549,fear
7550,joy
7551,joy
7552,joy
7553,joy
7554,joy
7555,fear
7556,joy
7557,anger
7558,sadness
7559,fear
7560,joy
7561,fear
7562,joy
7563,joy
7564,joy
7565,joy
7566,joy
7567,joy
7568,fear
7569,joy
7570,fear
7571,fear
7572,fear
7573,joy
7574,fear
7575,joy
7576,joy
7577,joy
7578,joy
7579,joy
7580,joy
7581,joy
7582,joy
7583,joy
7584,joy
7585,joy
7586,joy
7587,joy
7588,joy
7589,fear
7590,fear
7591,joy
7592,joy
7593,fear
7594,joy
7595,joy
7596,joy
7597,fear
7598,joy
7599,fear
7600,fear
7601,joy
7602,joy
7603,joy
7604,joy
7605,fear
7606,joy
7607,fear
7608,fear
7609,fear
7610,joy
7611,joy
7612,fear
7613,joy
7614,fear
7615,joy
7616,fear
7617,fear
7618,joy
7619,sadness
7620,joy
7621,joy
7622,fear
7623,joy
7624,joy
7625,joy
7626,joy
7627,fear
7628,joy
7629,sadness
7630,joy
7631,joy
7632,fear
7633,joy
7634,fear
7635,sadness
7636,joy
7637,joy
7638,sadness
7639,fear
7640,fear
7641,joy
7642,joy
7643,joy
7644,joy
7645,anger
7646,joy
7647,fear
7648,joy
7649,joy
7650,joy
7651,fear
7652,joy
7653,joy
7654,joy
7655,joy
7656,joy
7657,joy
7658,joy
7659,joy
7660,joy
7661,joy
7662,fear
7663,sadness
7664,joy
7665,fear
7666,joy
7667,joy
7668,joy
7669,joy
7670,joy
7671,fear
7672,joy
7673,fear
7674,joy
7675,joy
7676,joy
7677,joy
7678,fear
7679,joy
7680,joy
7681,joy
7682,joy
7683,anger
7684,joy
7685,joy
7686,joy
7687,joy
7688,joy
7689,joy
7690,joy
7691,joy
7692,fear
7693,joy
7694,joy
7695,fear
7696,joy
7697,joy
7698,joy
7699,joy
7700,fear
7701,sadness
7702,joy
7703,joy
7704,joy
7705,joy
7706,joy
7707,joy
7708,joy
7709,joy
7710,joy
7711,joy
7712,joy
7713,joy
7714,joy
7715,joy
7716,joy
7717,fear
7718,fear
7719,fear
7720,joy
7721,joy
7722,sadness
7723,anger
7724,joy
7725,joy
7726,joy
7727,fear
7728,fear
7729,joy
7730,joy
7731,joy
7732,joy
7733,joy
7734,joy
7735,joy
7736,joy
7737,joy
7738,joy
7739,joy
7740,fear
7741,joy
7742,fear
7743,joy
7744,joy
7745,joy
7746,joy
7747,joy
7748,joy
7749,joy
7750,fear
7751,joy
7752,joy
7753,joy
7754,joy
7755,joy
7756,joy
7757,joy
7758,fear
7759,joy
7760,joy
7761,joy
7762,fear
7763,joy
7764,joy
7765,joy
7766,joy
7767,joy
7768,joy
7769,sadness
7770,joy
7771,fear
7772,joy
7773,joy
7774,joy
7775,joy
7776,joy
7777,joy
7778,joy
7779,joy
7780,joy
7781,joy
7782,fear
7783,fear
7784,joy
7785,joy
7786,fear
7787,joy
7788,joy
7789,joy
7790,joy
7791,joy
7792,fear
7793,joy
7794,joy
7795,joy
7796,joy
7797,fear
7798,joy
7799,fear
7800,joy
7801,joy
7802,joy
7803,joy
7804,joy
7805,joy
7806,joy
7807,joy
7808,joy
7809,joy
7810,sadness
7811,joy
7812,joy
7813,joy
7814,fear
7815,joy
7816,anger
7817,anger
7818,sadness
7819,joy
7820,joy
7821,fear
7822,fear
7823,joy
7824,joy
7825,joy
7826,joy
7827,joy
7828,joy
7829,joy
7830,fear
7831,fear
7832,joy
7833,fear
7834,joy
7835,joy
7836,joy
7837,joy
7838,fear
7839,joy
7840,fear
7841,joy
7842,fear
7843,joy
7844,fear
7845,joy
7846,joy
7847,fear
7848,joy
7849,joy
7850,joy
7851,joy
7852,joy
7853,joy
7854,joy
7855,joy
7856,joy
7857,joy
7858,joy
7859,joy
7860,joy
7861,fear
7862,joy
7863,joy
7864,joy
7865,joy
7866,fear
7867,fear
7868,joy
7869,joy
7870,joy
7871,joy
7872,joy
7873,joy
7874,joy
7875,joy
7876,fear
7877,joy
7878,fear
7879,joy
7880,joy
7881,joy
7882,joy
7883,fear
7884,sadness
7885,fear
7886,anger
7887,joy
7888,fear
7889,joy
7890,joy
7891,joy
7892,joy
7893,fear
7894,fear
7895,joy
7896,joy
7897,fear
7898,joy
7899,joy
7900,joy
7901,anger
7902,fear
7903,fear
7904,joy
7905,joy
7906,joy
7907,joy
7908,joy
7909,joy
7910,joy
7911,fear
7912,joy
7913,fear
7914,joy
7915,joy
7916,joy
7917,joy
7918,joy
7919,fear
7920,fear
7921,joy
7922,fear
7923,joy
7924,joy
7925,joy
7926,fear
7927,joy
7928,joy
7929,joy
7930,joy
7931,joy
7932,joy
7933,joy
7934,fear
7935,joy
7936,fear
7937,joy
7938,fear
7939,fear
7940,joy
7941,joy
7942,joy
7943,joy
7944,joy
7945,joy
7946,fear
7947,joy
7948,fear
7949,joy
7950,fear
7951,joy
7952,joy
7953,fear
7954,fear
7955,joy
7956,joy
7957,fear
7958,fear
7959,joy
7960,joy
7961,sadness
7962,joy
7963,fear
7964,joy
7965,anger
7966,joy
7967,fear
7968,joy
7969,joy
7970,joy
7971,joy
7972,joy
7973,joy
7974,joy
7975,fear
7976,joy
7977,joy
7978,anger
7979,sadness
7980,joy
7981,joy
7982,joy
7983,joy
7984,fear
7985,joy
7986,joy
7987,fear
7988,joy
7989,fear
7990,joy
7991,joy
7992,joy
7993,anger
7994,joy
7995,joy
7996,fear
7997,joy
7998,joy
7999,fear
8000,joy
8001,joy
8002,joy
8003,joy
8004,fear
8005,joy
8006,joy
8007,joy
8008,joy
8009,fear
8010,joy
8011,joy
8012,joy
8013,joy
8014,joy
8015,joy
8016,joy
8017,fear
8018,fear
8019,joy
8020,joy
8021,fear
8022,joy
8023,joy
8024,joy
8025,joy
8026,joy
8027,joy
8028,fear
8029,joy
8030,joy
8031,joy
8032,joy
8033,joy
8034,fear
8035,fear
8036,joy
8037,joy
8038,joy
8039,joy
8040,fear
8041,fear
8042,joy
8043,joy
8044,joy
8045,joy
8046,anger
8047,joy
8048,joy
8049,sadness
8050,joy
8051,joy
8052,joy
8053,fear
8054,fear
8055,joy
8056,joy
8057,joy
8058,fear
8059,joy
8060,joy
8061,joy
8062,sadness
8063,joy
8064,joy
8065,fear
8066,joy
8067,joy
8068,fear
8069,joy
8070,joy
8071,joy
8072,anger
8073,joy
8074,joy
8075,joy
8076,joy
8077,sadness
8078,fear
8079,joy
8080,fear
8081,joy
8082,joy
8083,joy
8084,joy
8085,joy
8086,fear
8087,fear
8088,joy
8089,fear
8090,fear
8091,joy
8092,joy
8093,joy
8094,fear
8095,joy
8096,joy
8097,joy
8098,fear
8099,joy
8100,joy
8101,joy
8102,joy
8103,joy
8104,fear
8105,joy
8106,joy
8107,joy
8108,joy
8109,joy
8110,joy
8111,joy
8112,joy
8113,joy
8114,joy
8115,joy
8116,joy
8117,joy
8118,fear
8119,fear
8120,joy
8121,joy
8122,sadness
8123,fear
8124,joy
8125,joy
8126,joy
8127,joy
8128,joy
8129,joy
8130,fear
8131,joy
8132,joy
8133,fear
8134,joy
8135,sadness
8136,fear
8137,fear
8138,joy
8139,fear
8140,joy
8141,joy
8142,joy
8143,fear
8144,joy
8145,joy
8146,joy
8147,joy
8148,fear
8149,joy
8150,joy
8151,joy
8152,anger
8153,joy
8154,joy
8155,joy
8156,fear
8157,joy
8158,joy
8159,joy
8160,fear
8161,joy
8162,anger
8163,joy
8164,joy
8165,fear
8166,fear
8167,joy
8168,joy
8169,joy
8170,anger
8171,fear
8172,joy
8173,joy
8174,joy
8175,joy
8176,joy
8177,joy
8178,joy
8179,joy
8180,fear
8181,fear
8182,joy
8183,joy
8184,joy
8185,joy
8186,joy
8187,fear
8188,fear
8189,joy
8190,fear
8191,fear
8192,joy
8193,joy
8194,joy
8195,joy
8196,joy
8197,joy
8198,joy
8199,joy
8200,fear
8201,joy
8202,joy
8203,joy
8204,joy
8205,joy
8206,joy
8207,fear
8208,joy
8209,fear
8210,fear
8211,joy
8212,joy
8213,fear
8214,joy
8215,fear
8216,joy
8217,fear
8218,joy
8219,joy
8220,joy
8221,joy
8222,sadness
8223,joy
8224,joy
8225,joy
8226,joy
8227,fear
8228,joy
8229,joy
8230,fear
8231,joy
8232,joy
8233,joy
8234,joy
8235,fear
8236,joy
8237,joy
8238,fear
8239,joy
8240,joy
8241,fear
8242,sadness
8243,fear
8244,joy
8245,fear
8246,joy
8247,fear
8248,fear
8249,fear
8250,joy
8251,joy
8252,fear
8253,joy
8254,joy
8255,fear
8256,joy
8257,joy
8258,fear
8259,anger
8260,fear
8261,fear
8262,joy
8263,fear
8264,fear
8265,joy
8266,joy
8267,joy
8268,fear
8269,fear
8270,joy
8271,joy
8272,joy
8273,fear
8274,joy
8275,joy
8276,joy
8277,joy
8278,joy
8279,joy
8280,joy
8281,fear
8282,fear
8283,fear
8284,fear
8285,joy
8286,joy
8287,joy
8288,joy
8289,joy
8290,joy
8291,joy
8292,joy
8293,joy
8294,joy
8295,joy
8296,joy
8297,sadness
8298,joy
8299,joy
8300,joy
8301,fear
8302,joy
8303,joy
8304,joy
8305,joy
8306,joy
8307,fear
8308,joy
8309,joy
8310,joy
8311,joy
8312,joy
8313,joy
8314,joy
8315,sadness
8316,joy
8317,fear
8318,joy
8319,joy
8320,joy
8321,joy
8322,joy
8323,joy
8324,joy
8325,fear
8326,fear
8327,joy
8328,joy
8329,joy
8330,joy
8331,fear
8332,joy
8333,joy
8334,joy
8335,fear
8336,joy
8337,joy
8338,fear
8339,joy
8340,fear
8341,fear
8342,fear
8343,fear
8344,joy
8345,joy
8346,joy
8347,fear
8348,joy
8349,joy
8350,anger
8351,joy
8352,joy
8353,joy
8354,fear
8355,fear
8356,joy
8357,joy
8358,joy
8359,sadness
8360,fear
8361,joy
8362,joy
8363,joy
8364,fear
8365,joy
8366,joy
8367,joy
8368,joy
8369,joy
8370,fear
8371,joy
8372,fear
8373,fear
8374,fear
8375,joy
8376,fear
8377,joy
8378,joy
8379,joy
8380,joy
8381,joy
8382,fear
8383,fear
8384,joy
8385,joy
8386,joy
8387,fear
8388,joy
8389,joy
8390,joy
8391,joy
8392,joy
8393,joy
8394,joy
8395,joy
8396,joy
8397,joy
8398,joy
8399,joy
8400,joy
8401,fear
8402,joy
8403,joy
8404,joy
8405,joy
8406,joy
8407,joy
8408,joy
8409,joy
8410,joy
8411,joy
8412,fear
8413,joy
8414,fear
8415,joy
8416,sadness
8417,joy
8418,fear
8419,joy
8420,fear
8421,joy
8422,fear
8423,fear
8424,fear
8425,joy
8426,joy
8427,joy
8428,joy
8429,joy
8430,joy
8431,joy
8432,joy
8433,joy
8434,fear
8435,joy
8436,joy
8437,sadness
8438,joy
8439,joy
8440,joy
8441,joy
8442,joy
8443,joy
8444,fear
8445,joy
8446,fear
8447,fear
8448,joy
8449,fear
8450,joy
8451,fear
8452,joy
8453,joy
8454,joy
8455,sadness
8456,joy
8457,joy
8458,joy
8459,joy
8460,joy
8461,joy
8462,fear
8463,joy
8464,fear
8465,joy
8466,joy
8467,joy
8468,joy
8469,sadness
8470,joy
8471,fear
8472,joy
8473,fear
8474,anger
8475,sadness
8476,joy
8477,fear
8478,joy
8479,joy
8480,sadness
8481,joy
8482,joy
8483,joy
8484,sadness
8485,joy
8486,fear
8487,fear
8488,fear
8489,joy
8490,fear
8491,joy
8492,fear
8493,joy
8494,joy
8495,joy
8496,anger
8497,joy
8498,fear
8499,joy
8500,joy
8501,fear
8502,anger
8503,joy
8504,fear
8505,joy
8506,joy
8507,fear
8508,fear
8509,joy
8510,sadness
8511,joy
8512,fear
8513,joy
8514,joy
8515,joy
8516,joy
8517,joy
8518,joy
8519,joy
8520,joy
8521,joy
8522,fear
8523,joy
8524,joy
8525,sadness
8526,joy
8527,fear
8528,joy
8529,joy
8530,joy
8531,sadness
8532,joy
8533,joy
8534,joy
8535,joy
8536,joy
8537,joy
8538,fear
8539,joy
8540,fear
8541,joy
8542,joy
8543,joy
8544,fear
8545,joy
8546,joy
8547,fear
8548,joy
8549,fear
8550,joy
8551,joy
8552,joy
8553,joy
8554,fear
8555,fear
8556,joy
8557,joy
8558,fear
8559,joy
8560,joy
8561,joy
8562,joy
8563,joy
8564,joy
8565,fear
8566,fear
8567,joy
8568,joy
8569,fear
8570,joy
8571,sadness
8572,joy
8573,joy
8574,fear
8575,fear
8576,joy
8577,joy
8578,joy
8579,joy
8580,joy
8581,joy
8582,joy
8583,fear
8584,fear
8585,joy
8586,joy
8587,fear
8588,joy
8589,joy
8590,fear
8591,joy
8592,fear
8593,joy
8594,joy
8595,joy
8596,joy
8597,joy
8598,sadness
8599,joy
8600,fear
8601,sadness
8602,joy
8603,joy
8604,joy
8605,joy
8606,fear
8607,joy
8608,joy
8609,joy
8610,joy
8611,joy
8612,fear
8613,joy
8614,joy
8615,joy
8616,fear
8617,joy
8618,joy
8619,joy
8620,joy
8621,joy
8622,joy
8623,joy
8624,fear
8625,joy
8626,fear
8627,joy
8628,fear
8629,fear
8630,fear
8631,joy
8632,joy
8633,joy
8634,joy
8635,joy
8636,joy
8637,joy
8638,sadness
8639,joy
8640,fear
8641,fear
8642,joy
8643,fear
8644,joy
8645,sadness
8646,joy
8647,joy
8648,joy
8649,joy
8650,joy
8651,joy
8652,joy
8653,sadness
8654,joy
8655,joy
8656,fear
8657,fear
8658,fear
8659,fear
8660,sadness
8661,joy
8662,joy
8663,joy
8664,joy
8665,joy
8666,fear
8667,joy
8668,joy
8669,joy
8670,joy
8671,joy
8672,joy
8673,joy
8674,joy
8675,sadness
8676,joy
8677,fear
8678,joy
8679,joy
8680,joy
8681,joy
8682,sadness
8683,joy
8684,joy
8685,joy
8686,joy
8687,fear
8688,joy
8689,joy
8690,fear
8691,fear
8692,joy
8693,fear
8694,joy
8695,joy
8696,joy
8697,joy
8698,joy
8699,joy
8700,fear
8701,joy
8702,joy
8703,fear
8704,fear
8705,joy
8706,joy
8707,joy
8708,joy
8709,joy
8710,fear
8711,joy
8712,joy
8713,fear
8714,fear
8715,joy
8716,joy
8717,joy
8718,joy
8719,joy
8720,fear
8721,joy
8722,joy
8723,joy
8724,joy
8725,joy
8726,fear
8727,fear
8728,joy
8729,fear
8730,joy
8731,joy
8732,fear
8733,fear
8734,joy
8735,joy
8736,sadness
8737,fear
8738,fear
8739,joy
8740,joy
8741,joy
8742,joy
8743,joy
8744,joy
8745,joy
8746,sadness
8747,joy
8748,joy
8749,fear
8750,joy
8751,joy
8752,joy
8753,joy
8754,fear
8755,joy
8756,fear
8757,fear
8758,joy
8759,fear
8760,joy
8761,fear
8762,joy
8763,joy
8764,joy
8765,joy
8766,joy
8767,joy
8768,joy
8769,fear
8770,joy
8771,joy
8772,joy
8773,fear
8774,fear
8775,joy
8776,joy
8777,joy
8778,fear
8779,joy
8780,joy
8781,joy
8782,joy
8783,joy
8784,joy
8785,joy
8786,joy
8787,joy
8788,joy
8789,joy
8790,fear
8791,joy
8792,joy
8793,joy
8794,anger
8795,joy
8796,fear
8797,joy
8798,fear
8799,joy
8800,joy
8801,joy
8802,joy
8803,joy
8804,sadness
8805,fear
8806,joy
8807,joy
8808,fear
8809,joy
8810,sadness
8811,joy
8812,joy
8813,joy
8814,joy
8815,joy
8816,sadness
8817,joy
8818,joy
8819,joy
8820,joy
8821,fear
8822,fear
8823,joy
8824,fear
8825,joy
8826,fear
8827,fear
8828,joy
8829,joy
8830,fear
8831,joy
8832,joy
8833,fear
8834,fear
8835,joy
8836,joy
8837,joy
8838,fear
8839,joy
8840,fear
8841,fear
8842,joy
8843,joy
8844,joy
8845,joy
8846,fear
8847,joy
8848,joy
8849,joy
8850,joy
8851,joy
8852,fear
8853,fear
8854,fear
8855,fear
8856,sadness
8857,joy
8858,joy
8859,joy
8860,fear
8861,fear
8862,joy
8863,joy
8864,joy
8865,joy
8866,fear
8867,joy
8868,joy
8869,fear
8870,fear
8871,joy
8872,joy
8873,joy
8874,joy
8875,joy
8876,sadness
8877,joy
8878,fear
8879,joy
8880,fear
8881,fear
8882,joy
8883,sadness
8884,joy
8885,joy
8886,joy
8887,fear
8888,fear
8889,joy
8890,joy
8891,joy
8892,fear
8893,joy
8894,joy
8895,joy
8896,joy
8897,fear
8898,fear
8899,fear
8900,joy
8901,fear
8902,fear
8903,fear
8904,joy
8905,joy
8906,joy
8907,joy
8908,joy
8909,joy
8910,joy
8911,joy
8912,joy
8913,joy
8914,sadness
8915,joy
8916,joy
8917,joy
8918,joy
8919,joy
8920,fear
8921,joy
8922,sadness
8923,joy
8924,joy
8925,joy
8926,joy
8927,joy
8928,joy
8929,joy
8930,joy
8931,joy
8932,joy
8933,joy
8934,joy
8935,joy
8936,joy
8937,joy
8938,fear
8939,joy
8940,joy
8941,fear
8942,joy
8943,joy
8944,joy
8945,joy
8946,fear
8947,joy
8948,joy
8949,joy
8950,fear
8951,joy
8952,joy
8953,fear
8954,fear
8955,joy
8956,joy
8957,joy
8958,joy
8959,sadness
8960,joy
8961,anger
8962,joy
8963,joy
8964,fear
8965,joy
8966,joy
8967,sadness
8968,joy
8969,joy
8970,joy
8971,joy
8972,joy
8973,joy
8974,joy
8975,fear
8976,sadness
8977,joy
8978,joy
8979,joy
8980,joy
8981,fear
8982,joy
8983,joy
8984,joy
8985,joy
8986,joy
8987,joy
8988,joy
8989,fear
8990,joy
8991,joy
8992,joy
8993,fear
8994,joy
8995,fear
8996,joy
8997,fear
8998,fear
8999,fear
9000,joy
9001,joy
9002,fear
9003,joy
9004,joy
9005,fear
9006,joy
9007,joy
9008,joy
9009,fear
9010,fear
9011,joy
9012,joy
9013,joy
9014,fear
9015,fear
9016,joy
9017,joy
9018,joy
9019,joy
9020,fear
9021,joy
9022,joy
9023,joy
9024,joy
9025,joy
9026,fear
9027,joy
9028,fear
9029,joy
9030,joy
9031,joy
9032,joy
9033,joy
9034,joy
9035,joy
9036,joy
9037,joy
9038,joy
9039,joy
9040,fear
9041,fear
9042,sadness
9043,joy
9044,joy
9045,joy
9046,joy
9047,fear
9048,joy
9049,joy
9050,joy
9051,joy
9052,joy
9053,joy
9054,fear
9055,joy
9056,joy
9057,fear
9058,joy
9059,joy
9060,joy
9061,fear
9062,joy
9063,fear
9064,joy
9065,joy
9066,joy
9067,joy
9068,fear
9069,joy
9070,joy
9071,joy
9072,joy
9073,joy
9074,joy
9075,joy
9076,joy
9077,joy
9078,joy
9079,fear
9080,joy
9081,joy
9082,fear
9083,fear
9084,joy
9085,sadness
9086,joy
9087,joy
9088,joy
9089,joy
9090,joy
9091,fear
9092,joy
9093,fear
9094,fear
9095,joy
9096,fear
9097,joy
9098,joy
9099,fear
9100,fear
9101,joy
9102,joy
9103,joy
9104,joy
9105,fear
9106,joy
9107,fear
9108,joy
9109,joy
9110,joy
9111,joy
9112,joy
9113,joy
9114,joy
9115,fear
9116,joy
9117,fear
9118,joy
9119,joy
9120,joy
9121,joy
9122,joy
9123,joy
9124,fear
9125,joy
9126,joy
9127,joy
9128,joy
9129,joy
9130,joy
9131,joy
9132,joy
9133,joy
9134,sadness
9135,fear
9136,joy
9137,fear
9138,fear
9139,fear
9140,fear
9141,joy
9142,joy
9143,joy
9144,joy
9145,joy
9146,joy
9147,fear
9148,fear
9149,joy
9150,joy
9151,fear
9152,joy
9153,fear
9154,joy
9155,joy
9156,joy
9157,joy
9158,fear
9159,joy
9160,joy
9161,joy
9162,fear
9163,joy
9164,joy
9165,joy
9166,joy
9167,joy
9168,sadness
9169,joy
9170,joy
9171,joy
9172,anger
9173,joy
9174,sadness
9175,fear
9176,joy
9177,joy
9178,joy
9179,joy
9180,joy
9181,fear
9182,joy
9183,joy
9184,joy
9185,joy
9186,fear
9187,joy
9188,joy
9189,fear
9190,fear
9191,fear
9192,joy
9193,joy
9194,joy
9195,fear
9196,joy
9197,joy
9198,fear
9199,fear
9200,fear
9201,joy
9202,fear
9203,joy
9204,joy
9205,fear
9206,joy
9207,joy
9208,fear
9209,sadness
9210,joy
9211,joy
9212,fear
9213,joy
9214,fear
9215,joy
9216,fear
9217,fear
9218,joy
9219,joy
9220,joy
9221,joy
9222,joy
9223,joy
9224,joy
9225,fear
9226,joy
9227,joy
9228,joy
9229,fear
9230,joy
9231,joy
9232,fear
9233,fear
9234,fear
9235,joy
9236,joy
9237,joy
9238,joy
9239,joy
9240,fear
9241,joy
9242,joy
9243,joy
9244,anger
9245,fear
9246,joy
9247,fear
9248,joy
9249,fear
9250,fear
9251,joy
9252,joy
9253,joy
9254,joy
9255,fear
9256,joy
9257,joy
9258,fear
9259,sadness
9260,joy
9261,joy
9262,joy
9263,fear
9264,joy
9265,fear
9266,joy
9267,joy
9268,anger
9269,fear
9270,fear
9271,sadness
9272,joy
9273,joy
9274,joy
9275,joy
9276,fear
9277,joy
9278,joy
9279,joy
9280,fear
9281,joy
9282,sadness
9283,fear
9284,joy
9285,joy
9286,fear
9287,fear
9288,fear
9289,joy
9290,joy
9291,fear
9292,joy
9293,joy
9294,joy
9295,joy
9296,joy
9297,joy
9298,joy
9299,fear
9300,fear
9301,joy
9302,fear
9303,joy
9304,joy
9305,joy
9306,fear
9307,joy
9308,joy
9309,joy
9310,fear
9311,fear
9312,fear
9313,joy
9314,joy
9315,fear
9316,joy
9317,fear
9318,sadness
9319,joy
9320,joy
9321,joy
9322,joy
9323,joy
9324,joy
9325,joy
9326,joy
9327,joy
9328,fear
9329,joy
9330,joy
9331,joy
9332,fear
9333,fear
9334,joy
9335,fear
9336,joy
9337,joy
9338,joy
9339,anger
9340,joy
9341,joy
9342,joy
9343,joy
9344,fear
9345,fear
9346,fear
9347,fear
9348,joy
9349,joy
9350,joy
9351,sadness
9352,joy
9353,fear
9354,fear
9355,joy
9356,sadness
9357,joy
9358,joy
9359,joy
9360,joy
9361,joy
9362,joy
9363,fear
9364,joy
9365,joy
9366,joy
9367,joy
9368,joy
9369,fear
9370,fear
9371,joy
9372,joy
9373,joy
9374,joy
9375,joy
9376,joy
9377,fear
9378,fear
9379,joy
9380,sadness
9381,joy
9382,joy
9383,joy
9384,joy
9385,fear
9386,joy
9387,sadness
9388,joy
9389,joy
9390,anger
9391,joy
9392,joy
9393,joy
9394,joy
9395,fear
9396,joy
9397,joy
9398,joy
9399,fear
9400,joy
9401,fear
9402,joy
9403,joy
9404,joy
9405,joy
9406,joy
9407,joy
9408,fear
9409,joy
9410,joy
9411,fear
9412,fear
9413,joy
9414,joy
9415,joy
9416,joy
9417,fear
9418,joy
9419,joy
9420,joy
9421,joy
9422,joy
9423,joy
9424,joy
9425,joy
9426,fear
9427,joy
9428,fear
9429,joy
9430,joy
9431,fear
9432,joy
9433,joy
9434,fear
9435,joy
9436,joy
9437,joy
9438,fear
9439,fear
9440,anger
9441,fear
9442,fear
9443,joy
9444,fear
9445,fear
9446,fear
9447,joy
9448,joy
9449,joy
9450,joy
9451,sadness
9452,joy
9453,fear
9454,joy
9455,fear
9456,fear
9457,joy
9458,fear
9459,joy
9460,fear
9461,joy
9462,joy
9463,fear
9464,joy
9465,fear
9466,joy
9467,fear
9468,joy
9469,joy
9470,joy
9471,joy
9472,joy
9473,sadness
9474,fear
9475,joy
9476,joy
9477,joy
9478,joy
9479,sadness
9480,joy
9481,joy
9482,fear
9483,joy
9484,joy
9485,fear
9486,joy
9487,fear
9488,fear
9489,joy
9490,joy
9491,joy
9492,fear
9493,joy
9494,joy
9495,joy
9496,joy
9497,joy
9498,joy
9499,joy
9500,joy
9501,fear
9502,joy
9503,joy
9504,joy
9505,joy
9506,fear
9507,joy
9508,joy
9509,joy
9510,fear
9511,joy
9512,joy
9513,joy
9514,joy
9515,joy
9516,anger
9517,joy
9518,joy
9519,sadness
9520,joy
9521,joy
9522,anger
9523,joy
9524,joy
9525,joy
9526,fear
9527,joy
9528,sadness
9529,joy
9530,fear
9531,joy
9532,joy
9533,joy
9534,fear
9535,joy
9536,joy
9537,joy
9538,joy
9539,joy
9540,fear
9541,joy
9542,sadness
9543,joy
9544,joy
9545,joy
9546,joy
9547,joy
9548,fear
9549,joy
9550,joy
9551,joy
9552,joy
9553,fear
9554,joy
9555,sadness
9556,joy
9557,joy
9558,joy
9559,joy
9560,joy
9561,joy
9562,fear
9563,fear
9564,joy
9565,fear
9566,joy
9567,joy
9568,joy
9569,joy
9570,joy
9571,joy
9572,fear
9573,fear
9574,joy
9575,joy
9576,joy
9577,fear
9578,joy
9579,joy
9580,fear
9581,joy
9582,joy
9583,fear
9584,joy
9585,joy
9586,fear
9587,joy
9588,fear
9589,joy
9590,fear
9591,sadness
9592,joy
9593,joy
9594,joy
9595,joy
9596,fear
9597,joy
9598,joy
9599,joy
9600,fear
9601,joy
9602,anger
9603,joy
9604,joy
9605,joy
9606,joy
9607,fear
9608,joy
9609,fear
9610,joy
9611,joy
9612,joy
9613,joy
9614,fear
9615,joy
9616,joy
9617,joy
9618,joy
9619,joy
9620,joy
9621,joy
9622,joy
9623,joy
9624,joy
9625,fear
9626,joy
9627,joy
9628,joy
9629,joy
9630,joy
9631,joy
9632,joy
9633,fear
9634,fear
9635,joy
9636,fear
9637,sadness
9638,joy
9639,fear
9640,joy
9641,joy
9642,fear
9643,joy
9644,joy
9645,joy
9646,joy
9647,joy
